geo_code,geo_name,one_person_household_per1000,one_parent_family_per1000,married_couple_with_children_per1000,cohabiting_couple_with_children_per1000,owned_outright_per1000,owned_with_mortgage_per1000,rented_private_landlord_per1000,rented_local_authority_per1000,no_central_heating_per1000,oil_heating_per1000,natural_gas_heating_per1000,private_water_source_per1000,septic_tank_per1000,at_work_per1000,unemployed_per1000,retired_per1000,looking_after_home_family_per1000,unable_to_work_disability_per1000,professional_workers_per1000,unskilled_workers_per1000,no_formal_education_per1000,upper_secondary_per1000,bachelor_or_higher_per1000
DC,Dublin City,109.76943512229411,101.53382825476858,278.2478996169443,48.723177631121175,225.70370039726822,256.4460116948623,303.58612685801006,118.33593715127438,17.51071971762911,44.23130645311481,602.6144138631336,6.221205308643618,7.409575246431564,595.5228025629326,48.890123187399574,139.74529368590188,48.499335462498266,43.50241018825256,105.2499270304515,33.265678329984326,22.950109953902995,141.82577594985904,400.18793016082293
CC,Cork City,93.12979193240889,97.90286521554266,384.97762050409875,50.162988565654906,278.7747312344679,292.2072869898718,232.08801870946778,128.77862141245498,12.540802611367127,158.92617127496158,606.662826420891,12.348790322580644,39.9985599078341,552.3138563916572,39.77233215112951,151.53071322730943,61.74206559358935,55.16237917181541,115.32829770896947,30.276245067052376,18.26618152685516,172.44717428313916,378.7361885369029
GC,Galway City,92.7482142415779,89.39914481326775,315.1956301440965,43.62440989643837,221.694437228634,220.07397236550761,370.2700362439851,94.06118182605361,12.762373671935736,475.09069707178026,147.90101062451413,4.340502720912153,32.35941953874061,555.0138690426157,46.66442520523381,132.8906447003446,46.608388669412456,41.719200918999185,115.25339398677944,25.540787073234295,17.407580720636407,146.52316331305568,447.7117454375292
LS,Laois,72.70798572359915,101.5038840208179,483.7070022873181,76.77432899811048,314.1542895145201,404.67745510973174,125.85901130569718,87.39747284415871,9.12831061969658,428.7734636153253,250.22499357161226,250.83569040884547,361.4039598868604,558.7597419860359,44.382879290321675,135.7931410821475,79.33509633547413,52.69417509689515,66.22985077875856,31.68366402908236,26.42523404473806,208.47524345787193,266.95647709185505
LM,Leitrim,118.44978165938865,91.81797287979775,462.3649735692944,62.11215812456906,397.973867495539,327.7499568295631,142.00195705980545,62.88493639555632,11.921407020384134,655.8981529178012,18.397233056148355,161.38052836853336,476.561925086467,528.4257079677581,45.33133604394037,199.30094871246166,62.77195235038162,49.46857835794279,75.99647717264695,31.449757095372025,34.668688655798476,181.0101520704326,292.3459286406336
LK,Limerick,88.81527896329634,93.97066811515481,414.2352758593932,57.616202374485916,334.55364001439085,319.467537897572,179.80805694116276,75.15338914656321,13.552657448063439,433.9733927518186,278.68143390785764,148.39766695065208,300.3866570548529,532.8821253425222,42.402182733356064,167.66238195481648,64.51176629699756,57.67308393409462,92.6666539401344,32.724686927306045,22.95117540687161,184.18083182640143,301.00542495479203
LD,Longford,95.76502732240436,109.01639344262296,432.8096539162113,69.42167577413478,322.32252769798936,282.8386449642092,184.17453152783477,122.34988373683491,11.10699740836727,565.5929902505245,15.85832407750216,121.74503270393681,432.06219918548686,531.9666153472166,52.02171623045134,160.7919401453151,72.49547578532264,57.99097858088216,57.6458257577378,32.6196231096661,35.47642598087702,183.61358391031982,227.4315858885592
LH,Louth,80.87454586165303,119.71195169340335,440.63156830312965,69.44073268857125,283.9299017090617,387.9996817659099,148.5791571136168,104.03361709206366,6.669099164842293,421.6532879267007,401.15949079704853,137.5375010135409,210.10702991972758,534.6762017557342,54.03719408004773,155.90955528031174,71.31426918243542,51.894511296549105,69.47595971453727,35.732947753448386,32.70664145066192,185.62687729447103,283.0236956279898
CW,Carlow,82.34491274818835,103.85727748350827,427.2414129269165,70.50011373606733,324.13860483293166,331.8569660652641,157.737901387351,99.60594020712564,11.40975917741499,525.3900965094255,225.80499684314964,264.3185712997204,307.7027148913142,539.5521185758015,47.72837119381344,152.02593845658126,76.7681649750282,58.40180441437087,69.81022463206817,38.681254841208364,20.683032526530912,180.70568537167904,264.2996084997415
MO,Mayo,107.71189011981144,91.75676575716538,461.5959564564231,55.53212115830058,414.5439179170868,326.15206689994665,150.56194768993535,46.84627246308048,11.154704208016001,607.7582890991615,25.886606662050927,225.0557735210401,496.4035695053466,522.668625904953,42.81055121496667,206.56225360189234,66.5722887248226,48.45530786323561,75.86431833007177,36.23976226715953,34.318610716481835,212.70753376730772,279.3515828756812
MH,Meath,57.40267767062652,86.4334990592705,510.6252442715482,68.46420228865398,275.55427846877296,487.14931425000793,120.61172456886919,59.00140935648509,6.009731353981447,437.2079560021503,349.3638782064536,200.08545948255662,273.4014252436284,593.1568519408654,39.57349027515622,131.54624429933057,71.7668851190546,37.076333282530456,85.90473947814115,30.082508400278954,22.921994423013018,198.26477684827995,322.6633724878275
MN,Monaghan,87.1967592233311,97.6889288984774,502.67736578248923,56.27900479597697,361.1907283942925,362.3434481899184,148.24911209421148,72.40326500093464,7.481951432946839,748.3701597024722,63.39969372128637,322.6865018595493,495.7777291621089,560.6774206209035,41.54401664115546,163.50720200949803,72.35370304957023,44.29137721260646,61.57333660090676,36.49981619899522,42.418471792430374,181.98048083789575,247.65532016186623
OY,Offaly,77.84081225195393,95.1157751211317,466.24138686664554,66.14155973801465,354.6798632972794,367.2476940602913,127.36871761578696,81.3479182233546,7.769493415093025,422.6534736255313,73.09595150163751,221.51766427426662,368.16249738694165,534.1982025673279,45.57234439173727,160.1776215085704,80.30856432717518,59.07582256035646,65.36380036079375,37.05351773902586,32.68189137754355,206.04596691553212,240.8505343287952
RN,Roscommon,100.29097120687908,86.97288611589629,475.0213523646839,61.63957208413556,407.427809347095,338.6872318218717,142.45332250956744,54.751826510495185,10.779595765158808,563.4648700673724,36.03464870067372,152.33878729547644,524.0808469682387,527.2801737953631,39.81623277182236,190.24894048933365,72.29602193810321,52.29887104241604,74.42462887316928,30.27370158983191,30.105156037991858,206.53833107191315,281.4620081411126
SO,Sligo,112.1148572350379,101.3799879746,433.95562334100805,56.75402190969218,363.85142084692467,327.11804637221195,156.32254841458757,86.58791031179288,12.163725234133056,602.4028954143503,29.551136151636133,116.04044625200552,400.7313159956718,534.2718873735151,42.604487461504625,198.24021117465904,50.94588649362076,49.29168499780026,93.02259323627455,30.983788711929115,18.472514172877254,189.39635220927022,325.5833704906894
TY,Tipperary,95.7178387340951,104.51885760972738,445.8421944274231,68.26947338067261,374.6633488579468,333.5482277237864,132.82883360546597,89.49045929157153,14.019595204331571,601.4728632203171,115.89532035580766,167.30050277169008,415.4473378883589,543.8492225631273,38.5635432994822,178.40560438009345,69.59415789434586,56.25181080016938,73.82590309419578,34.81938116084458,26.054116497089794,211.57861998489358,259.4481716799218
WD,Waterford,96.90080172310637,112.76773961948068,418.0766622791273,65.58174783614534,327.84068660747823,337.07856189616183,152.1852050153032,111.29402175215964,14.722536806342015,428.0650979405226,284.99224025837844,168.7009773079988,234.9733652111908,537.706511175899,46.13216715257531,177.60932944606415,65.71428571428571,50.777453838678326,85.84125687994158,37.76607020877335,20.71134371442988,187.84543353008132,292.035813609641
WH,Westmeath,82.83067301902538,94.68324477356516,455.2148146583142,66.90047853966175,322.60250044991164,361.4325185522374,174.66097837248446,76.02976826905773,10.46966444137282,502.9556215628033,97.43257947828133,171.3084139634738,347.64579595918,550.4434734831636,47.3823290861045,157.74050914418774,70.66795740561471,50.03793725962168,80.74121033869945,31.199010610989287,27.193555063764748,192.29728223662215,297.0274960594819
WX,Wexford,88.02917177420353,104.78189269838911,418.2484553570323,78.50748486311801,366.2865882469971,341.00121857203254,135.08741389172116,86.75486807092587,15.673397538971921,672.754354191703,12.085103501971869,298.2177011221882,396.2526023594726,528.6563144320093,48.98924960247115,177.52991927691593,78.40258070406354,55.615998539224115,62.475978989622924,36.57294151379645,32.35148626163601,203.12991860412828,251.22093807617935
CN,Cavan,86.62645977039963,87.69148843948533,486.6809496092831,66.82435695798091,347.179499900774,361.87735661837667,159.18336971621352,68.92488589005755,8.409785932721713,690.4364748401446,76.90436474840143,355.78259660828473,462.2254656658326,552.7583187390543,46.58181135851889,158.66587440580435,75.55666750062547,46.644358268701524,64.61127974150592,36.77910506217566,37.661106899166036,186.01213040181955,239.76497346474602
WW,Wicklow,71.96639660845027,98.04023563988191,466.36409742902845,67.64893298828304,310.4908866979024,415.4193031272604,124.41270192953074,92.00622975817329,12.52335411309865,411.49484822138777,342.94012097893045,173.2551471540354,209.7893042786585,558.0313438028431,43.10784242335979,160.13333656965784,74.97754799873783,42.33112454185781,94.29519220280909,28.296257322699244,24.154589371980677,176.79413305395494,353.4136546184739
DR,Dun Laoghaire-Rathdown,81.42316125174406,77.08573458935273,455.4557981125044,36.51497950446742,320.47464884566546,365.2091757353547,211.46836902300868,58.28663554925696,8.38914346140289,95.28845024086478,734.5670309011867,8.706379978850897,17.401010457055577,556.2208637637883,30.419144171186645,180.01952421472458,63.50590163763266,25.913957725376783,180.2873514068246,13.234413751817327,11.518934126701808,142.07547779969602,565.5078743976975
FL,Fingal,52.50858304518459,97.10356772160839,472.08898115108,60.39147284441196,228.61890182925893,432.2404960076309,206.31394329143527,68.98567670271851,5.204509335588621,143.14259426202847,675.1735610925753,6.877387336313535,35.39066348200262,604.6331173135562,41.921094292242785,125.63070756225191,63.729733523617895,34.45008539409962,96.80308375642197,26.619789050728276,16.62142821892119,187.568474559542,391.69915609732027
SD,South Dublin,58.29769392033543,111.79203354297694,432.98280922431866,67.17316561844864,252.44546791183558,395.17552987935466,169.34655486105981,116.95278249602214,5.9743472103089905,123.2171710119487,703.5766292314137,9.42530569906844,19.179749057469433,578.317572526425,45.72602346827733,145.77832516470818,64.40279054857731,41.99741865820841,85.83907664203272,30.925849040936644,22.83614788725012,190.99133096428608,331.8605406878623
CE,Clare,96.0291309847014,91.69493027415028,468.23868717221603,62.370598329157566,373.3320417504177,356.234712905335,135.7372920349696,63.997933467335066,12.510497189982988,582.2656704205335,121.68127301307034,203.33326155767534,391.7443638164553,545.4050903438896,40.35360404118904,177.9386050126287,63.77501457159511,43.34563823586556,86.82330503837797,31.53871406462505,20.34212285000762,198.26241924704834,313.468009520348
CK,Cork County,82.23674988926703,87.53511216268495,506.6355679900424,60.57794199274489,359.81208626948535,386.02953572271485,129.72453555413196,62.828034211088266,18.426208950544712,543.4908691903754,178.98738145622698,281.11920996943337,411.35668939572065,568.4147416681361,30.92928936695468,160.40909892435195,73.64838652794921,44.302592135425854,100.09107265821098,27.16353095359737,20.222850208338638,184.42424705313272,330.76198477557983
DL,Donegal,99.91428623534203,106.60725466714489,473.0670330271549,58.04827934176692,404.6945666882032,311.61390206141584,130.005729541271,80.89015128427059,7.568006496142916,672.2371092164028,11.010962241169306,105.48112058465287,512.8055217214778,511.1360081809432,51.93545476419634,195.3726539942252,71.11705967276227,53.72503609239653,63.19575782241269,41.1349979650954,38.74070445740749,178.9820545932226,263.56147303736026
GY,Galway County,81.77062332099224,80.19962191232764,511.7013421588701,52.48715706348417,381.2425472902341,389.48977501352647,130.32195706188574,34.10254928637842,10.784574075713316,571.3758815024638,43.22681537871411,269.4373137411112,606.7687586674928,562.3522942266272,37.367514876958225,169.22089909854472,66.09362827571307,42.46725105235249,100.83125132550188,29.57227024203018,24.617703394354255,184.62492542468678,342.31638772882843
KY,Kerry,107.55982390825113,95.6649727936916,443.46615695076224,63.070683121432715,413.3243508247677,296.5295055395842,142.98197050446566,78.46799314305534,16.36329259698517,625.8959418346826,22.41358565805531,132.83143402258546,470.1180838446862,528.9267200200467,43.58584830308061,193.4582073890777,69.2079998747083,50.821443673552494,72.49229825256619,33.22936506921985,25.43274886560977,192.4915504266801,283.8589808227364
KE,Kildare,57.57151267840104,87.15918549647766,491.2885478206143,66.08603853259436,267.81237791379084,452.2398749837218,146.02324521422062,71.31055475973434,6.033219049465128,370.27973298765494,382.0069539512739,73.50108428334323,184.4250875301358,590.6932720155147,38.16416920014198,130.57814678210056,68.9002402300447,39.07982119065623,98.42840653175878,27.508939598182216,20.598701580296673,185.70717957221026,366.31889085876816
KK,Kilkenny,80.24558590618462,90.90198072072424,482.11876503138257,62.745634788729646,365.8261602713672,366.44379521970154,121.4682065057548,84.09639026685751,10.440234428240425,543.1920403434646,212.6482213438735,317.2686384080687,397.32860842306116,556.1360845592661,40.66645799725519,168.8175667541473,68.05431825295548,48.9731057231599,87.02956989247312,31.144393241167435,24.276296933218685,184.75207795930066,305.5746632272858
