"name","B01002_001E","B19013_001E","B19301_001E","B25064_001E","B25077_001E","B01001_002E","B01001_026E","B17001_002E","B15003_017E","B15003_022E","B15003_002E","B23025_002E","B23025_005E","B23025_004E","B25002_002E","B25002_003E","B25003_002E","B25003_003E","B08301_010E","B08301_021E","B11003_010E","B18101_004E","B27010_017E","B16001_002E","B02001_002E","B02001_003E","B02001_005E","B25024_002E","B25024_010E"
"Alabama","39.3","59609","33344","925","179400","486.46584032273074","513.5341596772693","152.92023296312001","172.0288729800489","113.8109644771814","9.038219666625034","466.39679624000513","23.871878239300315","439.4641148173104","384.4698943456086","72.34752267858265","268.0523745388907","116.41751980671793","1.3885982993151278","28.918723046435904","7.135310968852599","0.15393513086077185","7.8528793824774885","891.1845686196673","662.0825553709041","263.78614392894957","13.883596401975144","315.3239837298124","57.427151293174425"
"Alaska","35.3","86370","42828","1345","318000","526.1812060352113","473.8187939647887","102.37459190741691","155.2582193486577","127.57392616705293","5.273393112064026","521.3215191182614","31.34777040939222","461.5573044319637","359.7828586825907","84.1184451723617","238.4226906961015","121.36016798648923","5.178131817136419","38.48692402639554","10.870674626881922","0.22182272961714486","22.33060840667319","787.195793261216","613.036372123279","31.83768564044849","64.59260146348566","280.79083205297616","18.052015388781758"
"Arizona","38.4","72581","38334","1308","321400","500.3302993384811","499.6697006615189","127.8360220638285","132.97985215862957","133.63208529725964","11.169806206727511","486.5996624226432","25.941255516723967","457.4818725755624","381.90578674960074","50.002495718935755","253.10661237246387","128.79917437713686","5.592780651959864","64.51558932010761","10.783876038337588","0.26351445746277125","20.59163317895197","694.4319813415033","666.691856232089","45.60291968441843","33.5516645887599","276.13512686757156","42.006993032343125"
"Arkansas","38.4","56335","31868","868","162400","494.1323477333885","505.8676522666115","157.59561581610967","190.1089519917553","105.1579355007124","9.066578680868952","462.8115901412179","23.719394209832213","437.10754640538596","388.1492141072771","66.2593348260442","257.05236314415396","131.09685096312316","1.2402817268140363","29.148939482931052","8.770752937801396","0.27628070517171643","13.203832550041094","866.9443387135191","726.5944030299446","151.2895252841567","15.706591216194953","318.2236939525334","51.307380835725944"
"California","37.3","91905","45591","1856","659300","500.78501164647804","499.21498835352196","119.04816594650731","122.91971278457848","150.8099480578667","22.38359264423125","512.465918882621","32.57576003966246","475.90579595988464","338.3419761264987","28.168946804287334","188.21377746130563","150.12819866519308","16.840386436624925","63.54394225607291","8.56787043758193","0.2242345939526941","7.943951972481829","528.7533288355982","481.3398196122258","55.96557525104619","151.16171051890706","210.07386808409694","13.127086969787456"
"Colorado","37.3","87598","47346","1594","465900","507.31147728473917","492.68852271526083","93.59290495755347","114.53076615160143","187.77637030631854","8.828080730714513","555.4547990829678","24.863666846307005","523.6270943839578","394.75427107900305","38.47844056013128","261.2375428667479","133.51672821225517","11.082191519705274","85.93433481377767","8.99287619199451","0.19321444724205872","11.552837653076962","792.3622242361964","761.3184676621398","40.499134433933655","32.13268893860286","268.3409030652649","16.115644478485613"
"Connecticut","40.9","90213","52034","1374","323700","489.903267976752","510.096732023248","98.49370742031232","158.03320506064685","158.92180055087937","10.50835470826848","541.4481752778834","31.858183593409276","507.4395296785079","390.3858343092008","33.6511582893443","258.2404147849663","132.1454195242345","17.56229098691696","62.76546755657285","7.954715689594683","0.1866355127506115","6.172540377928606","734.9692646754633","698.4061493355471","106.72200751138712","47.3359165091295","248.90946986930254","3.1171453516819487"
"Delaware","41.4","79325","42180","1286","305200","486.00240530979687","513.9975946902032","108.4804782440232","185.99586367227403","140.1047668409426","6.788206937154992","508.96757863803106","27.489973682489044","477.49425090702323","391.49184559722636","62.95671951974317","281.7161231236822","109.7757224735441","7.9797913720833105","54.90446693202232","9.807424255385529","0.16505054672993605","8.46689176609117","814.4640637658698","638.3068229279363","219.66416239363548","40.8298822002043","267.29030277717675","33.33417200481062"
"District of Columbia","34.8","101722","71297","1817","705000","478.38237245875627","521.6176275412437","146.1987780854684","91.36622093777541","186.1950798330418","9.109929062150027","597.8791715318072","42.14814781676352","550.8576814045008","470.9083236030522","51.57720027378998","195.14992089020515","275.7584027128471","134.99217849436388","136.94718209568632","5.533957562553405","0.5085097086582352","5.009044314906194","773.4820388704225","396.12011565986217","443.04616701486907","40.36314452859957","60.050373777004324","0.5413167866361859"
"Florida","42.4","67917","38850","1444","292200","492.12007342521764","507.87992657478236","125.9853172675957","169.69659935744383","145.79656437170414","12.306392249167985","491.3299938260731","24.58551327833391","463.3212491013786","386.11614794109914","72.22325015719085","258.1948513877977","127.92129655330143","5.932091241736763","54.60377713792614","8.434017676095468","0.1945501101503065","15.556890561379912","664.9022495474711","638.2117216418254","155.10890022149314","28.195205913657745","250.51379671819987","38.071085346947"
"Georgia","37.2","71355","37836","1221","245900","489.11742555835605","510.88257444164395","132.02108684450434","150.3243932635879","136.5924834399256","10.827688957385641","504.22608902453527","26.17445376818927","472.790929206119","368.0628968064296","44.79345664303218","239.3022968432686","128.76059996316098","6.935809164523553","57.3010051458056","7.821624507744356","0.2444432527460229","18.019132977222757","804.4729104928268","542.7944965294374","314.66570916289146","43.41287920297137","275.14750765342404","33.39853996218171"
"Hawaii","39.9","94814","42683","1868","764800","504.66396753318827","495.33603246681173","93.71434637929833","168.54257132792264","156.6556757289625","8.59926553972214","524.1918972224386","24.757529527660832","465.37716748162296","333.5927681789949","53.05913666793282","205.9963228729847","127.59644530601018","21.022495000306773","38.81526745342754","6.904781437057637","0.17716941187338384","6.28158630735515","699.3676361808892","229.76597782004413","19.760938487745324","371.55252107936843","206.7291286504999","1.069220847531589"
"Idaho","36.9","70214","34919","1061","331600","503.599302953602","496.400697046398","107.21484011997137","140.02898427222996","131.8002339668272","7.229348436364853","492.35347004949546","18.420707736168694","471.0958201486536","364.2304740444062","45.06423300895471","262.2709883830994","101.95948566130686","2.9356418635581836","50.37406107192188","9.216286636869786","0.21465836150949055","15.911146539928342","838.5370007912156","849.3885742423989","6.893337986062308","13.476553967431256","301.12199444584974","31.210139209722836"
"Illinois","38.7","78433","43198","1179","239100","494.842460600453","505.157539399547","115.05997115139061","148.88967656541956","150.8382353655858","10.964493886562352","524.9925652358423","31.17717595598055","492.2893226126412","389.47354971932884","35.946790760731965","259.67267911902786","129.80087060030095","34.03671872072831","58.52009863270885","8.043262567338113","0.1829492835427008","7.9151823919701725","722.623254437304","657.5403401602523","139.1014195892436","57.85328219950502","248.4158112703343","9.844380235394745"
"Indiana","38","67173","35578","967","183600","496.2556027405801","503.7443972594199","119.49496514284307","185.46775596909558","120.25420659710221","8.260417313063508","507.95994872356493","22.787856204886413","484.4514690533567","391.1318357709588","40.993142653819355","274.24166872162516","116.8901670493336","3.5014134626141753","38.96083413676929","10.079884700245549","0.23878298503199177","15.293165809873027","852.9263370704836","799.8090620501171","94.44486125013505","24.89518974624591","314.88503852144396","19.37149075607684"
"Iowa","38.4","70571","37949","914","181600","501.2973385900059","498.7026614099941","107.60697633870164","178.2010739969067","135.9053899291152","6.398886615680455","531.6127891180355","20.28796714537844","510.35362119594737","404.5799156808315","39.802924954434786","289.34821358012766","115.23170210070383","3.8597155827392817","46.54425627407618","10.024974630241255","0.23644991463969925","7.134578259904241","858.2730501035487","868.536042618686","37.82540086727571","24.755114405381775","322.2965997624211","15.080110736331376"
"Kansas","37.1","69747","38108","986","189300","502.37983161678","497.62016838322","112.35652718294287","141.45982079905392","142.1233261646597","8.663717905312199","522.3943279147062","20.65313724274691","494.8598770675788","391.2348488822251","44.2494725677317","261.54475493558755","129.69009394663755","2.15741426373044","46.898384902596185","9.160665712508711","0.32051260217403593","13.097418800635712","827.7399740183834","797.5256154625362","55.717079677184884","30.14828050608974","314.2075981582617","17.963351887413904"
"Kentucky","39.1","60183","33515","902","177000","496.1299685649471","503.8700314350529","156.5108090612012","179.0552162089837","106.18274525392883","8.114485330123575","476.9196090993985","24.108276046622926","449.7946339443052","392.87753431928286","51.10000477466364","267.61812018161487","125.25941413766799","3.2438842665950096","35.20903588437319","9.841803179481827","0.259830532752527","9.800052632338685","885.2108680227452","847.6686872006813","79.98871846917622","15.364867580811183","300.8901971714004","48.52768250041362"
"Louisiana","37.6","57852","32981","996","198300","490.3192426063657","509.6807573936343","181.45235495995513","184.07165880911427","111.94393935541206","9.398894009454922","469.81001804529035","30.630878349228734","435.1209965379074","380.4000649923522","67.90300106927073","255.49428881860024","124.90577617375197","4.32858547248535","26.796415766592983","9.632702703518078","0.22044819725954662","10.29598672225208","866.24030879125","594.4804770817917","315.6055343487598","17.317574268200335","294.7133807099423","56.021425065067774"
"Maine","44.8","68251","39718","1009","244800","493.23712881753454","506.76287118246546","106.43484138764504","191.6274857364832","157.0892549758623","4.712684964837752","522.5747266357414","21.04101908703251","499.9235523783257","424.42841686119965","118.24215826632889","311.8177781321761","112.61063872902353","2.1939370086228527","60.483602533818015","8.792573826821629","0.18435215944413436","9.483162868548863","897.1885564128581","922.7001153664108","15.929635999587402","11.025283313422813","379.8488458603796","44.936570420696015"
"Maryland","39.1","98461","49865","1598","380500","487.34806767020893","512.6519323297911","90.65134061064572","143.72299753948053","154.65130036205875","11.039635607470462","540.7524246122057","27.421784255564244","508.2054372270541","376.2145782004889","34.560390489193985","253.83485452975935","122.37972367072956","27.879449639523592","73.81298721279671","8.240411301608466","0.10776234572659817","8.89088040051239","755.450883983935","511.9112284956101","298.9311241186898","64.87423046892687","211.48100680541936","5.271753428067904"
"Massachusetts","39.8","96505","53513","1588","483900","489.58170614980514","510.41829385019486","96.26879508834577","141.8234430404033","176.7302076614303","12.401411470596868","555.9553306353407","29.518606627382788","525.6840255977595","392.45626381241675","36.98617093856781","245.03017881061623","147.4260850018005","38.9339946350372","75.36720356862378","7.555763325961938","0.19715916127891436","3.0670634667796834","716.6304540029968","726.7147799928553","71.41614543101183","69.81467468380438","221.17291803433605","3.358578392243641"
"Michigan","39.9","68505","37929","1037","201100","496.49385792550964","503.50614207449036","128.5716998572568","168.4409730400547","130.4054784283949","8.33432674605418","498.9689221062683","30.04268973677562","468.4311996485158","398.61647352370335","56.79046395373358","288.9732381075572","109.64323541614614","5.0347382923369555","46.87678497375352","9.249724669740397","0.1817473014552411","6.77625127499013","851.2221362645422","757.3220151560148","135.568672690907","32.5664717390403","328.06521347701977","23.381770447391663"
"Minnesota","38.5","84313","44947","1178","286800","501.811671815949","498.188328184051","90.65101490845421","140.58401219814542","169.54231670650074","9.64919796912959","547.2507818738706","21.684050615841997","524.8461360716886","396.138775676471","41.75905291598745","286.49997225778765","109.63880341868337","12.65571633552766","70.30894991863455","9.531556942119913","0.23668672299857496","7.739550491879959","827.1972710091072","796.6613476534653","67.08734161479342","50.24255121598682","291.4398418904597","13.084491541434575"
"Mississippi","38.1","52985","29209","896","151000","485.9962296111389","514.0037703888611","185.47906852874397","158.41682872309002","96.70391767601288","9.632471578446461","454.34503857247046","28.902822248944354","421.0763250267165","378.9548357704321","68.85218088403384","262.08359610469756","116.87123966573455","1.0906279002016326","18.79516541246148","7.314000120317178","0.2805147682576248","13.970649368030644","902.2284363566066","569.4868877934167","372.3870725276003","9.814975162614074","309.96476328947165","64.99391992689041"
"Missouri","38.8","65920","36754","957","199400","493.82704013471937","506.17295986528063","124.55791949268347","176.73162483820576","130.73477899305573","6.553011801920635","504.9237767575899","21.554745514688463","480.1198227875827","399.4402723765124","54.70960554866078","270.0260073163654","129.414265060147","4.626917036238334","47.09865524333561","9.432242377919486","0.20456835751594546","14.683425998412199","882.2240333860759","793.602551141277","112.74689970885974","20.642718357629686","319.29838415370284","25.229339164587675"
"Montana","40.1","66341","37837","974","305700","507.14024032825324","492.85975967174676","121.19816090269637","160.4209407971864","156.20328985932005","3.08012162954279","512.3726919695193","19.815174384525204","489.1806491793669","406.57697098475967","67.3294621922626","280.6565064478312","125.92046453692849","3.228495017584994","51.28590269636577","10.002381301289565","0.28117672919109027","14.629432883939039","906.9616427315358","864.437097010551","5.51912368112544","8.43621776084408","328.3951861078546","46.11389947245018"
"Nebraska","36.9","71722","38585","987","205600","502.60370537316373","497.39629462683627","101.31300668372012","143.31329357371516","142.98607562563203","11.028418955363081","538.191847729817","16.41551880890625","518.4724996541495","396.3262766221919","36.57285908341199","263.7402185570863","132.58605806510565","2.7366855221117143","45.58181750427144","10.113638045901379","0.2562611699496513","13.613491793261556","824.2528225738524","818.4221152368706","47.75799552717058","24.949219960396928","310.58190173354046","13.50373850334288"
"Nevada","38.5","71646","37945","1382","373800","505.12864365274993","494.87135634725007","125.43605629574948","162.29426726277265","119.7368476145293","14.686533860127666","508.41128478747703","35.399509858391006","469.06790319687116","374.79535830936254","40.15888859150153","219.00163520104405","155.79372310831846","11.413555130624445","41.53095013329288","11.433202021246341","0.32046977325877823","18.548597228113607","662.0728371430587","558.095050368508","93.4750743763642","84.72737684700901","249.0327127170458","22.01482406209448"
"New Hampshire","43.1","90845","48250","1336","337100","499.94201259776315","500.05798740223685","71.1519922296881","166.6275251701568","171.19983183653352","5.184073759975646","558.3846159421865","19.879531171852914","537.0996151086176","395.12325947187975","69.01878066989947","285.54808967751757","109.57516979436217","3.288610549358152","69.0919897652235","8.654619783851958","0.18266031704612173","6.862084212204898","879.0078355477273","899.9601336609621","15.163705684939947","26.349475576431022","294.0178746167395","25.0462087111575"
"New Jersey","40","97126","50995","1577","401400","492.6262260295989","507.3737739704011","95.05600729500924","163.39049696169224","176.9160832832472","11.797519381152448","534.008796350506","33.28164161061504","499.4418353513215","371.730844519061","34.40110636072","237.41118424644745","134.31966027261356","43.840116560996506","63.785596443661376","7.391235198635797","0.17720713979351205","9.47587879983086","639.9366076325786","597.7474691220073","131.177071666611","98.75205737056824","214.9430704494066","3.7642732025936034"
"New Mexico","38.6","58722","32667","966","216000","498.4030489528101","501.5969510471899","179.24621638343487","144.53223559418555","109.211380270329","9.732714845183088","462.3498731102036","28.397657142397286","427.38168668516323","384.7887513296091","61.68013356920334","264.2313735199149","120.55737780969419","3.1939020943798777","40.935628221654056","12.083525249909703","0.20686752856736426","12.96259390105294","637.244297296568","592.0169962740176","21.251969856986843","16.28430888493668","288.5366512928274","71.99700065752631"
"New York","39.3","81386","47173","1507","384100","489.20179016312534","510.79820983687466","132.8204291816215","146.69857963580665","151.73079393963673","17.828910815384663","514.1236444502728","31.92902365209742","480.9120103205006","380.33304260162316","44.508959242995246","206.46397670065173","173.86906590097146","109.78100395116047","54.45475450875468","7.260840659267287","0.15924475573860034","5.4634855126033175","655.0818107429093","587.647758402499","150.59812560320077","88.40474615390656","176.1714129756168","9.079551808035648"
"North Carolina","39.1","66186","37641","1093","234900","490.0921795867783","509.9078204132217","129.64567868431342","143.74844678437327","146.46806645976864","8.998956468320515","505.3262521663836","25.154595694032615","470.42973524705417","392.086732897723","60.61471140895497","259.58982309244107","132.49690980528192","3.72513876029659","58.215811061741434","8.202411144605067","0.2524303705731325","12.72858415310327","827.4739179160999","649.5051581562707","209.39925392164858","31.104426327866843","295.64734780015004","52.313734943717485"
"North Dakota","35.4","73959","40748","912","232500","514.0408869391948","485.95911306080524","104.0194420201989","143.38876059695653","145.62335719820717","5.78086021671468","545.2776125858247","15.692377399681288","521.0265757381505","411.95612158471","67.36999822365017","260.2906005349645","151.6655210497455","2.4057955344109856","32.81227071571452","9.103149288044136","0.3037815656078077","16.817398960449186","871.3523685951648","844.9568398479032","32.48017052958395","16.056657836405904","274.2980200135415","33.20615698298566"
"Ohio","39.6","66990","37729","945","183300","493.833761809129","506.166238190871","129.64315047802137","196.6718764318326","128.73068429952636","7.221680617643804","509.4531207336962","25.49469909296072","482.97852264897494","406.754729617774","39.219824431791494","271.7961918804948","134.95853773727922","5.693911250094801","46.49849172160304","9.859288780852953","0.23932703750920514","10.839357628566306","872.34356967402","788.2761684539618","123.0988554001836","24.058227300047058","307.5351582713522","15.706325172405915"
"Oklahoma","36.9","61364","33630","934","170500","498.7985131332425","501.2014868667575","147.58630972394639","169.84498414178375","117.29992492123782","8.411541426677818","482.3320606966836","23.225304036245337","453.38354367224053","383.5063973099589","57.69831837173029","252.88471443247533","130.6216828774836","1.4917527956827572","33.43183485593869","10.5127897086939","0.3823198959727208","20.94800726458174","835.1808350440764","684.2133365168139","71.64166098098046","23.100382647310905","321.3184646657585","38.052918815956794"
"Oregon","39.9","76632","41805","1373","423100","499.68174959225644","500.31825040774356","116.83951336533492","128.3601308373296","154.6765549700736","8.8566298464028","512.9073475176232","28.312937091872225","483.63658546158365","397.4110589415833","32.58141748637032","251.22441288001488","146.18664606156844","14.23354851096167","70.9615654704455","9.52103077192984","0.16952863473412377","7.382889288107412","804.2334397478209","786.9001417231013","18.819097105150785","44.41602941711941","270.99826120839634","31.61366197456172"
"Pennsylvania","40.8","73170","41234","1110","226200","493.54556490280237","506.45443509719763","114.12851345516987","208.63481437821306","141.9913361923221","7.741041640106156","515.0163120030105","27.617465206500658","486.7125847857698","399.8493980541385","43.12664790647744","276.6519713904035","123.197426663735","20.524192083150876","56.51353030916127","8.824479521769149","0.19308336582184227","10.294392083027695","835.1636989722545","770.6689276205293","108.38335947811444","36.429626810195046","251.57453787790604","15.949779232113306"
"Rhode Island","40.1","81370","43324","1195","343100","490.94905186200594","509.05094813799406","107.86657527987205","158.19419693854238","151.23326479323737","12.808773132282385","541.563628055746","31.634452821567283","506.33219099840073","394.9910897875257","46.455563171121774","247.61251999086133","147.37856979666438","9.529814941740918","47.657299520219325","9.220013708019192","0.05574594471098926","5.436600411240576","737.9977153301348","745.9977153301348","61.79118117432031","34.618231665524334","244.5373543522961","3.833676033813114"
"South Carolina","40","63623","36072","1065","216200","488.0694181128774","511.9305818871226","139.5846580137086","165.90559525545672","131.12439842496718","7.780467648631569","489.5485878178018","24.93043605075106","457.2940547372515","393.38583442710615","65.95070730640222","278.9678673861261","114.41796704098002","2.0874045987069176","38.811336347285014","7.5836857712313455","0.2728112391230373","12.060667930581888","873.2119974721695","650.014291964416","257.87934470857033","16.69029215886442","294.61260998493026","69.01832677069662"
"South Dakota","37.5","69457","36850","878","219500","507.3005654007112","492.6994345992888","118.54096515720926","166.3405747454349","138.50071096275363","6.111134822349165","529.7930458183484","16.344281186330647","509.35932484371176","394.43494746962403","51.03769113441801","269.92773563417205","124.507211835452","1.9475662161281844","43.031778799607345","10.242131675243895","0.21003165075892186","17.470814585855774","873.8159044502","821.7336708815265","21.929775299828606","14.32483248010315","299.10753395886076","34.920289057463314"
"Tennessee","38.9","64035","36040","1047","232100","491.20320542039804","508.79679457960196","136.28163954561185","178.00383952562274","128.45613633724508","7.907106126544895","498.307136630149","24.9616827359422","470.5550673823459","391.93015021291865","48.70394345741021","262.822779259629","129.10737095328963","2.297880403918558","44.98025064950146","8.80473822650428","0.28250496983436196","12.650041046989994","870.7802625505288","748.542268578457","162.7458269856373","18.578023655313896","302.2579310814972","37.65837465474022"
"Texas","35.2","73035","37514","1251","238000","500.10145899193054","499.89854100806946","136.45246155518066","129.70251484936298","134.01351322978064","15.811770077441901","505.5616420312015","26.194235939243878","475.5998134549738","358.73304084054416","39.81822597430896","223.83648900320628","134.89655183733788","4.867877276133487","51.72158503634776","8.500875173569423","0.26300003604239214","31.26954504721109","606.54842391133","591.3640103104494","121.48334482426803","51.67224047101046","257.84593976981154","26.574219868577263"
"Utah","31.4","86833","37023","1302","408500","507.09678912506786","492.90321087493214","83.80146348341209","116.78693858260331","142.68217183155292","6.503423311160911","518.4220519524735","17.315257982422242","499.23670956502036","323.6543294692231","30.402194524712005","228.89638221955053","94.75794724967255","8.769998498694656","69.30336082275187","7.078060873820615","0.25397335837742085","21.432428012713284","783.565670232343","823.7976082043749","11.484224569699395","23.680122686794512","240.27554586761897","10.314850833285371"
"Vermont","42.9","74014","41680","1149","272400","497.5629683015023","502.4370316984977","100.55512755197137","175.14786833505224","173.36319693825564","4.271406737328678","546.4030095555252","20.915913863588354","523.7692135641239","412.9409644991737","107.6083850044112","300.11991003640793","112.82105446276576","4.501286081737639","68.00079525827255","9.09887296991687","0.41471476322427525","3.9328006759695318","904.5301763236702","922.8273295475726","12.425910508592517","16.812256918125676","350.4696994172248","31.12845906283783"
"Virginia","38.7","87249","47210","1440","339800","494.9584967773825","505.0415032226175","97.01257265484385","137.2895228494694","158.40434315638302","9.172346119101709","529.9828593180529","22.841990693733244","492.2696486792121","381.44493061693584","38.90179976580701","255.00564611721174","126.4392844997241","14.822985326356473","69.46793853008015","7.725655402375857","0.18459017560531837","10.847803429087168","785.5871480713515","634.6574315923534","189.03738426445278","68.53582771243494","258.1390411583915","18.87747606791852"
"Washington","38","90325","48685","1592","473400","504.37579314380383","495.62420685619617","97.22744824803743","124.52011426343255","161.8558976472674","9.832674539760363","521.6587681238684","25.623690503890916","488.0083355129817","387.4947015360115","30.82129020703386","247.1535266277161","140.34117490829544","22.057608009001438","74.81047464222443","9.331019416017249","0.18963266020675681","6.775530727579417","749.0284577753227","699.075209119432","39.21116975387684","92.1691466101081","262.39580446193423","24.02520943808773"
"West Virginia","42.6","55217","31462","831","145800","499.0454369768099","500.9545630231901","162.78046389030027","235.09690920134057","95.79540504649556","6.453548782548703","438.4419791329121","26.494073789422785","410.611015149749","399.3603897896615","79.81295807452118","296.17221064302913","103.18817914663236","2.682704143467225","27.694318969618514","8.419006038594128","0.14835744327698167","6.828346533985288","925.768851295088","914.3179991600515","34.14842548691638","7.586308058095883","339.9415605529828","66.4669232618336"
"Wisconsin","39.9","72458","40130","992","231400","501.30871004507213","498.69128995492787","103.98634643788779","182.14088506744497","144.95298300207","6.557660764947651","532.0533657207052","17.86530316919319","513.5709389527055","412.348728215367","52.53591897354155","279.0809720563714","133.26775615899552","6.2829302592531135","51.07148297350891","10.475120568610544","0.13430513582839407","9.186811303664252","863.5131707436492","825.3779924544315","61.768632032488924","28.739939015267943","309.0911996474745","14.542016086695154"
"Wyoming","38.5","72495","39547","933","269900","511.8881385083635","488.1118614916365","104.05084361573826","153.6469012629579","123.39405013418603","5.000614262305577","524.0055439335973","19.82250414843346","498.1494266596762","405.1639561260985","67.71593050357397","291.3731617551637","113.79079437093483","4.517855999612409","37.89738877959057","9.518470261917987","0.27338998389075475","22.08229730641653","879.4851962784356","873.4602347347166","8.462977286137225","8.161902240586647","317.4697930022546","57.22848308356217"
"Puerto Rico","43.7","24002","15637","545","121800","474.1708027974729","525.8291972025271","418.1541152591598","188.80589124374845","147.3357939262592","15.86428479315679","382.0507507986537","50.63498087937166","330.4412504408104","372.7125989569677","104.96054555977878","253.62045140206737","119.09214755490038","3.514565231076323","15.576421090202794","10.40129178072731","0.18151915027035354","5.57667167219475","48.742170076720875","435.594316311482","87.51667745391583","1.9236751699526522","328.2452965454522","1.4078429718779775"
