"region_code","region_name","population","young_0_17_rate","working_18_64_rate","elderly_65_plus_rate","male_rate","female_rate","single_rate","married_rate","widowed_rate","divorced_rate","growth_per1000"
"0114","Upplands Väsby","50323","225.920553226159","610.098761997496","163.980684776345","504.640025435685","495.359974564315","527.532142360352","331.478647934344","31.8542217276394","109.134987977664","4.23265703555034"
"0115","Vallentuna","35119","237.222016572226","596.514707138586","166.263276289188","506.221703351462","493.778296648538","532.332925197187","341.581480110481","31.4359748284404","94.6496198638913","1.22440843987585"
"0117","Österåker","49787","228.875007532087","584.690782734449","186.434209733465","505.754514230622","494.245485769378","515.536184144455","355.494406170285","33.1210958683994","95.8483138168598","10.1432100749192"
"0120","Värmdö","46635","224.123512383403","583.596011579286","192.280476037311","502.669668703763","497.330331296237","529.044708909617","341.932025302884","32.250455666345","96.7728101211536","-0.0428862442371609"
"0123","Järfälla","88950","219.550309162451","621.697582911748","158.752107925801","507.937043282743","492.062956717257","531.736930860034","333.479482855537","31.2759977515458","103.507588532884","29.4547498594716"
"0125","Ekerö","28910","254.479418886199","556.727775856105","188.792805257696","504.66966447596","495.33033552404","513.593912141128","374.991352473193","33.2065029401591","78.2082324455206","3.52819093739191"
"0126","Huddinge","114304","234.934910414334","619.077197648376","145.98789193729","506.211506159015","493.788493840985","542.771906494961","333.785344344905","26.0183370660694","97.4244120940649","3.35946248600224"
"0127","Botkyrka","95905","228.872321568219","621.177206610708","149.950471821073","512.569730462437","487.430269537563","511.036963661957","346.301027058026","28.1632865856837","114.498722694333","3.26364631666754"
"0128","Salem","17507","248.300679728109","576.969212315074","174.730107956817","500.771120123379","499.228879876621","518.135602901696","360.54149768664","35.5857656937225","85.7371337179414","3.19872051179528"
"0136","Haninge","100895","229.079736359582","622.815798602508","148.104465037911","510.758709549532","489.241290450468","554.754943257842","311.056048367114","28.9013330690322","105.287675306011","11.3385202438178"
"0138","Tyresö","49179","229.935541592956","593.078346448687","176.986111958356","498.668130706196","501.331869293804","536.631489050204","326.602818276093","34.384595050733","102.381097622969","0.12200329408894"
"0139","Upplands-Bro","32868","244.614822928076","604.60021905805","150.784958013874","512.169891687964","487.830108312036","536.874771814531","339.114031885116","27.5648046732384","96.4463916271145","12.6262626262626"
"0140","Nykvarn","12342","242.343218279047","588.802463134014","168.854318586939","510.046994004213","489.953005995787","540.75514503322","347.755631178091","29.1686922702965","82.3205315183925","19.040674120888"
"0160","Täby","77744","226.216814159292","584.019345544351","189.763840296357","498.096316114427","501.903683885573","507.190265486726","365.134286890307","34.6521918090142","93.0232558139535","12.9399053303149"
"0162","Danderyd","32425","227.108712413261","563.392444101773","209.498843484965","492.243639167309","507.756360832691","487.833461835004","388.157286044719","40.2467232074017","83.7625289128759","0.185042405551272"
"0163","Sollentuna","77624","230.341131608781","608.16242399258","161.49644439864","505.938884880965","494.061115119035","515.678140781202","357.41523240235","28.7797588374729","98.1268679789756","10.7440997629599"
"0180","Stockholm","995574","189.151183136562","647.245709510292","163.603107353145","494.516731051635","505.483268948365","593.860426246567","273.01837934699","25.3823422467843","107.738852159659","6.66047928129903"
"0181","Södertälje","102911","213.854689974833","620.584777137527","165.560532887641","513.336766720759","486.663233279241","522.83040685641","342.305487265696","35.4772570473516","99.3868488305429","3.80911661532781"
"0182","Nacka","112112","235.799914371343","591.934850863422","172.265234765235","498.332025117739","501.667974882261","540.022477522478","335.03996003996","29.7470386756101","95.1905237619523","13.1921649778793"
"0183","Sundbyberg","56274","194.939048228311","671.802253260831","133.258698510858","502.239044674272","497.760955325728","598.873369584533","268.951913850091","20.8977502932082","111.276966272168","6.432810889576"
"0184","Solna","85789","171.199104780333","672.755248341862","156.045646877805","500.285584398932","499.714415601068","595.915560269965","282.565363857837","25.0964575878026","96.4226182843954","4.23131170662905"
"0186","Lidingö","48377","222.233706100006","560.90704260289","216.859251297104","490.191619984703","509.808380015297","509.394960415073","349.856336688922","38.5513777208177","102.197325175187","1.0955619405916"
"0187","Vaxholm","11822","206.564033158518","547.20013534089","246.235831500592","491.033666046354","508.966333953646","470.563356454069","393.165285061749","40.01015056674","96.2612079174421","0.422940280832346"
"0188","Norrtälje","66585","177.983029210783","536.231884057971","285.785086731246","504.633175640159","495.366824359841","501.929864083502","331.801456784561","52.2039498385522","114.064729293384","12.239993992641"
"0191","Sigtuna","52767","236.587260977505","615.801542630811","147.611196391684","511.683438512707","488.316561487293","528.133113498967","335.266359656604","30.7389087876893","105.86161805674","4.51039475429719"
"0192","Nynäshamn","30579","205.958337421106","567.219333529546","226.822329049348","508.617024755551","491.382975244449","509.042153111613","336.178423100821","41.4663658065993","113.313057980967","8.76418457111089"
"0305","Håbo","22973","228.355025464676","591.172245679711","180.472728855613","509.772341444304","490.227658555696","532.146432768903","339.050189352718","33.4740782657903","95.3292996125887","-0.0435293605536935"
"0319","Älvkarleby","9552","205.192629815745","539.782244556114","255.025125628141","508.898659966499","491.101340033501","512.353433835846","325.690954773869","50.6700167504188","111.285594639866","-2.09380234505863"
"0330","Knivsta","21193","260.935214457604","600.386920209503","138.677865332893","506.063322795263","493.936677204737","558.5334780352","337.8002170528","22.7905440475629","80.8757608644364","22.6018024819516"
"0331","Heby","14345","201.394214011851","539.63053328686","258.97525270129","511.537120948066","488.462879051934","531.40467061694","326.734053677239","47.9609620076682","93.9003136981527","0.139421401185082"
"0360","Tierp","21104","200.388551933283","547.242228961334","252.369219105383","507.67626990144","492.32373009856","524.355572403336","316.195981804397","49.4219105382866","110.02653525398","-4.2172100075815"
"0380","Uppsala","248016","195.426907941423","632.592252112767","171.98083994581","490.387716921489","509.612283078511","588.131410876718","294.206825366105","29.397296948584","88.264466808593","10.833978453003"
"0381","Enköping","48591","218.764791833879","570.476014076681","210.75919408944","506.431232121175","493.568767878825","535.86055030767","327.550369409973","39.1842110678932","97.4048692144636","6.15340289353996"
"0382","Östhammar","22138","190.125575932785","519.60430029813","290.270123769085","514.093414039209","485.906585960791","511.473484506279","329.117354774596","52.9858162435631","106.423344475562","-1.53582076068299"
"0428","Vingåker","8750","191.771428571429","526.514285714286","281.714285714286","513.257142857143","486.742857142857","508.8","343.085714285714","50.5142857142857","97.6","-12.1142857142857"
"0461","Gnesta","11458","214.958980624891","536.568336533426","248.472682841683","501.570954791412","498.429045208588","517.455053237912","324.227613894222","47.9141211380695","110.403211729796","-5.41106650375284"
"0480","Nyköping","58344","207.407788290141","548.745372274784","243.846839435075","495.577951460304","504.422048539696","513.300425065131","328.979843685726","48.8482106129165","108.871520636227","2.46812011517894"
"0481","Oxelösund","12031","195.910564375364","522.317346853961","281.772088770676","510.348266976976","489.651733023024","480.093092843488","340.204471781232","58.5155016208129","121.186933754468","-6.23389576926274"
"0482","Flen","15362","189.363364145294","506.639760447858","303.996875406848","511.001171722432","488.998828277568","473.375862517901","348.327040749902","59.5625569587293","118.734539773467","-19.9192813435751"
"0483","Katrineholm","34154","205.832406160333","549.686713122914","244.480880716754","501.90314458043","498.09685541957","514.873806874744","324.26655735785","49.0718510276981","111.787784739708","-4.97745505650875"
"0484","Eskilstuna","107203","213.977220786732","579.517364252866","206.505414960402","501.581112468868","498.418887531132","535.320839901868","310.56966689365","42.5174668619348","111.592026342546","-2.47194574778691"
"0486","Strängnäs","39313","212.041818228067","553.938900618116","234.019281153817","503.141454480706","496.858545519294","498.817185155038","345.17843970188","43.191819499911","112.812555643171","10.0730038409686"
"0488","Trosa","14927","212.902793595498","530.113217659275","256.983988745227","498.693642392979","501.306357607021","476.586052120319","374.355195283714","45.6220271990353","103.436725396932","2.81369330742949"
"0509","Ödeshög","5237","185.793393164025","520.145121252626","294.061485583349","512.31621157151","487.68378842849","499.713576475081","348.291006301318","55.7571128508688","96.2383043727325","-8.01985869772771"
"0512","Ydre","3626","180.915609487038","493.105350248207","325.979040264755","517.098731384446","482.901268615554","448.979591836735","409.266409266409","55.7087699944843","86.0452289023718","-3.03364589078875"
"0513","Kinda","9957","199.357236115296","518.630109470724","282.01265441398","508.38606005825","491.61393994175","493.321281510495","358.240433865622","57.0452947675003","91.3929898563824","-3.51511499447625"
"0560","Boxholm","5517","191.589632046402","538.154794272249","270.255573681349","515.860068878013","484.139931121987","493.384085553743","357.078122167845","50.9334783396774","98.6043139387348","-1.08754758020663"
"0561","Åtvidaberg","11467","193.947850353187","535.623964419639","270.428185227174","507.456178599459","492.543821400541","488.183483038284","366.966076567542","57.3820528473009","87.4683875468736","0.610447370715968"
"0562","Finspång","21623","198.307357905933","546.455163483328","255.237478610739","515.654627017528","484.345372982472","505.295287425427","343.523100402349","52.6753919437636","98.5062202284604","-3.28354067428201"
"0563","Valdemarsvik","7525","167.043189368771","501.528239202658","331.428571428571","514.152823920266","485.847176079734","464.451827242525","367.840531561462","59.1362126245847","108.571428571429","-2.12624584717608"
"0580","Linköping","168035","196.393608474425","622.221560984319","181.384830541256","508.876126997352","491.123873002648","571.987978694915","311.631505341149","34.5404231261344","81.8400928378016","3.75517005385783"
"0581","Norrköping","144980","207.773485998069","592.398951579528","199.827562422403","500.068975031039","499.931024968961","548.461856807836","312.429300593185","40.4814457166506","98.6273968823286","-1.26224306800938"
"0582","Söderköping","14789","213.334234904321","522.618162147542","264.047602948137","502.738521874366","497.261478125634","498.140509838393","358.374467509636","48.4819798498884","95.0030428020826","-5.2741902765569"
"0583","Motala","43505","201.126307320998","547.799103551316","251.074589127686","508.424319043788","491.575680956212","520.009194345478","334.536260199977","47.8795540742443","97.5749913803011","-5.12584760372371"
"0584","Vadstena","7490","162.483311081442","500.400534045394","337.116154873164","491.3217623498","508.6782376502","452.336448598131","368.891855807744","65.8210947930574","112.950600801068","7.47663551401869"
"0586","Mjölby","28695","213.207875936574","567.276529012023","219.515595051403","508.764593134692","491.235406865308","541.453214845792","330.196898414358","43.2828018818609","85.0670848579892","4.14706394842307"
"0604","Aneby","6797","217.154627041342","537.590113285273","245.255259673385","511.402089156981","488.597910843019","496.836839782257","375.16551419744","43.9899955862881","84.007650434015","-8.09180520818008"
"0617","Gnosjö","9131","205.015879969335","567.626765962107","227.357354068558","516.263278939875","483.736721060125","479.246522834301","391.523381885883","44.9019822582412","84.3281130215749","-12.5944584382872"
"0642","Mullsjö","7594","223.72925994206","530.682117461154","245.588622596787","504.345535949434","495.654464050566","493.942586252304","368.580458256518","45.6939689228338","91.7829865683434","2.23860942849618"
"0643","Habo","13456","272.666468489893","541.096908442331","186.236623067776","502.898335315101","497.101664684899","514.491676575505","395.214030915577","31.807372175981","58.486920332937","13.4512485136742"
"0662","Gislaved","28936","211.155653856787","566.664362731545","222.179983411667","516.415537738457","483.584462261543","496.54409731822","370.956593862317","48.5554326790158","83.9438761404479","-2.69560409178878"
"0665","Vaggeryd","14825","235.008431703204","560.202360876897","204.789207419899","513.052276559865","486.947723440135","504.822934232715","379.763912310287","42.5632377740304","72.849915682968","0.944350758853288"
"0680","Jönköping","147654","206.929714061251","601.846208026874","191.224077911875","503.237298007504","496.762701992496","538.001002343316","341.487531661858","38.8611212699961","81.6503447248297","10.1114768309697"
"0682","Nässjö","31587","218.44429670434","558.394276126254","223.161427169405","514.135562098332","485.864437901668","516.193370690474","345.616867698737","46.3165226200652","91.873238990724","-1.93117421724127"
"0683","Värnamo","34542","207.631289444734","563.082624051879","229.286086503387","508.540327716982","491.459672283018","502.287070812344","365.497076023392","47.2468299461525","84.9690232181113","-1.70806554339644"
"0684","Sävsjö","11563","226.844244573208","533.512064343164","239.643691083629","513.188618870535","486.811381129465","492.865173397907","380.870016431722","52.4950272420652","73.7697829283058","-9.08068840266367"
"0685","Vetlanda","27528","211.530078465562","538.651554780587","249.818366753851","512.060447544319","487.939552455682","510.752688172043","353.058703865155","52.5283347863993","83.6602731764022","1.08979947689625"
"0686","Eksjö","17792","203.518435251799","533.55440647482","262.927158273381","504.383992805755","495.616007194245","505.227068345324","346.279226618705","52.0458633093525","96.4478417266187","2.36061151079137"
"0687","Tranås","18604","199.903246613631","544.560309610836","255.536443775532","506.611481401849","493.388518598151","505.213932487637","348.580950333262","54.9881745861105","91.2169425929907","-8.11653407869276"
"0760","Uppvidinge","9061","201.191921421477","544.310782474341","254.497296104183","524.114336165986","475.885663834014","511.753669572895","348.747378876504","53.1950115881249","86.3039399624765","-22.2933451053968"
"0761","Lessebo","8289","221.860296778864","523.947400168899","254.192303052238","512.486427795874","487.513572204126","503.679575340813","347.930992882133","51.5140547713838","96.8753770056702","-6.39401616600314"
"0763","Tingsryd","11966","178.589336453284","524.151763329433","297.258900217282","516.630452950025","483.369547049975","503.008524151763","345.478856760822","59.5854922279793","91.9271268594351","-15.7947517967575"
"0764","Alvesta","19830","222.894604135149","539.939485627837","237.165910237015","513.514876449824","486.485123550177","510.690872415532","359.657085224407","48.2097831568331","81.4422592032274","-10.590015128593"
"0765","Älmhult","17653","233.671330652014","558.092108989973","208.236560358013","506.03296890047","493.96703109953","507.619101569138","371.43828244491","42.3724012915652","78.5702146943862","-15.8046790913726"
"0767","Markaryd","9938","198.631515395452","545.582612195613","255.785872408935","517.407929160797","482.592070839203","493.157576977259","360.937814449587","51.217548802576","94.6870597705776","-13.886093781445"
"0780","Växjö","98334","211.991783106555","595.806130127931","192.202086765513","506.081314702951","493.918685297049","563.792787845506","314.143632924523","36.3658551467448","85.6977240832266","7.72876116094128"
"0781","Ljungby","28280","193.033946251768","558.309759547383","248.656294200849","513.224893917963","486.775106082037","503.465346534653","354.70297029703","49.964639321075","91.8670438472419","-0.848656294200849"
"0821","Högsby","5321","182.484495395602","512.685585416275","304.829919188123","508.175155046044","491.824844953956","471.715842886675","359.706822025935","65.0253711708326","103.551963916557","-21.9883480548769"
"0834","Torsås","6984","176.116838487973","521.334478808706","302.548682703322","520.618556701031","479.381443298969","489.26116838488","340.922107674685","56.9873997709049","112.82932416953","-2.57731958762887"
"0840","Mörbylånga","16224","206.360946745562","505.485700197239","288.153353057199","494.699211045365","505.300788954635","477.440828402367","377.958579881657","51.0355029585799","93.5650887573965","4.93096646942801"
"0860","Hultsfred","13673","197.981423242887","515.541578292986","286.476998464126","515.834125649089","484.165874350911","495.72149491699","347.692532728735","59.3871132889637","97.1988590653112","-15.3587361954216"
"0861","Mönsterås","13069","189.226413650624","529.267732802816","281.505853546561","506.236131303084","493.763868696916","501.186012701813","335.297268344938","58.0763639146071","105.440355038641","-4.97360165276609"
"0862","Emmaboda","9006","179.435931601155","530.757272929158","289.806795469687","522.207417277371","477.792582722629","504.330446369087","335.998223406618","60.6262491672219","99.0450810570731","-5.55185431934266"
"0880","Kalmar","72704","204.046544894366","591.150418133803","204.803036971831","497.854313380282","502.145686619718","561.564700704225","302.899427816901","39.9977992957746","95.5380721830986","5.50176056338028"
"0881","Nybro","19951","202.245501478623","541.376372111674","256.378126409704","506.791639516816","493.208360483184","510.300235577164","331.662573304596","57.5409753897048","100.496215728535","-9.72382336724976"
"0882","Oskarshamn","26923","195.037700107715","551.275860788174","253.686439104112","508.784310812317","491.215689187683","510.567173049066","345.355272443636","53.8944396983991","90.1831148088995","0.185714816328047"
"0883","Västervik","36447","182.648777677175","512.552473454605","304.79874886822","501.13863966856","498.86136033144","497.544379509973","337.503772601311","59.6756934727138","105.276154416001","0.356682305813922"
"0884","Vimmerby","15384","194.422776911076","539.261570462819","266.315652626105","512.285491419657","487.714508580343","520.150806032241","341.133645345814","54.9271970878835","83.7883515340614","-5.00520020800832"
"0885","Borgholm","10666","139.977498593662","464.185261578849","395.837239827489","498.124882805175","501.875117194825","424.151509469342","385.617851115695","71.2544534033377","118.976186011626","-7.68798049878117"
"0980","Gotland","60971","181.906152105099","543.422282724574","274.671565170327","497.072378671828","502.927621328172","537.321021469223","312.870052976005","48.9741024421446","100.834823112627","-0.951271916156861"
"1060","Olofström","13000","177","549.230769230769","273.769230769231","514.076923076923","485.923076923077","494.769230769231","331.923076923077","60.3846153846154","112.923076923077","-4.69230769230769"
"1080","Karlskrona","66301","194.235381065142","575.858584335078","229.90603459978","513.687576356314","486.312423643686","530.56514984691","328.170012518665","45.6855854361171","95.5792521983077","-1.79484472330734"
"1081","Ronneby","28741","206.32545840437","538.04669287777","255.62784871786","508.228662885773","491.771337114227","505.47997634042","343.203089662851","53.8603388886956","97.4565951080338","-9.74218016074597"
"1082","Karlshamn","31751","191.616012094107","550.533841453812","257.85014645208","502.755818714371","497.244181285629","505.054958898932","334.099713394854","55.6202954237662","105.225032282448","-7.71629240023936"
"1083","Sölvesborg","17430","178.714859437751","544.234079173838","277.051061388411","504.934021801492","495.065978198508","498.221457257602","339.586919104991","55.30694205393","106.884681583477","-2.58175559380379"
"1214","Svalöv","14543","227.119576428522","587.292855669394","185.587567902083","519.562676201609","480.437323798391","519.493914598088","349.446469091659","35.8935570377501","95.1660592725022","-0.0687616035205941"
"1230","Staffanstorp","27303","259.605171592865","563.381313408783","177.013514998352","498.51664652236","501.48335347764","501.812987583782","377.028165403069","38.2009303006996","82.9579167124492","5.53052778082995"
"1231","Burlöv","20101","236.804139097557","592.408337893637","170.787523008806","509.8253818218","490.1746181782","509.228396597184","345.107208596587","37.0130839261728","108.651310880056","12.7854335605194"
"1233","Vellinge","37816","231.489316691348","535.17029828644","233.340385022213","493.415485508779","506.584514491221","453.458853395388","414.983075946689","44.9016289401312","86.6564417177914","2.06261899724984"
"1256","Östra Göinge","13978","212.905995135212","548.075547288596","239.018457576191","514.308198597796","485.691801402203","511.017312920303","346.759193017599","45.0708255830591","97.1526684790385","-25.2539705251109"
"1257","Örkelljunga","10277","197.820375595991","558.334144205507","243.845480198502","514.449742142649","485.550257857351","493.431935389705","345.626155492848","47.3873698550161","113.554539262431","-15.1795270993481"
"1260","Bjuv","15985","225.89928057554","588.80200187676","185.298717547701","517.610259618392","482.389740381608","515.733500156397","338.442289646544","40.8507976227713","104.973412574288","1.06349702846419"
"1261","Kävlinge","32477","240.416294608492","568.248298796071","191.335406595437","500.323305724051","499.676694275949","504.079810327309","372.694522277304","38.3656125873695","84.860054808018","1.44717800289436"
"1262","Lomma","24715","248.917661339268","533.441230022254","217.641108638479","494.922112077686","505.077887922314","467.327533886304","409.306089419381","45.7616831883472","77.604693505968","3.56059073437184"
"1263","Svedala","23581","264.322971884144","557.525126160892","178.151901954964","499.385098172257","500.614901827743","524.532462575803","357.279165429795","37.6150290488105","80.5733429455918","4.70717950892668"
"1264","Skurup","17099","219.252587870636","574.068658985906","206.678753143459","501.549798233815","498.450201766185","523.422422363881","341.48195800924","39.7099245569916","95.3856950698871","13.9189426282239"
"1265","Sjöbo","19337","197.083311785696","562.858768164658","240.057920049646","511.558152764131","488.441847235869","513.471582975643","326.989708848322","45.6637534260744","113.874954749961","-5.17143300408543"
"1266","Hörby","15562","198.110782675749","559.953733453284","241.935483870968","508.417941138671","491.582058861329","509.124791157949","333.825986377072","49.3509831641177","107.698239300861","-1.47795913121707"
"1267","Höör","17518","224.454846443658","555.542870190661","220.002283365681","503.596300947597","496.403699052403","507.649275031396","348.384518780683","39.7305628496404","104.235643338281","8.10594816759904"
"1270","Tomelilla","13639","192.242833052277","535.889727985923","271.867438961801","503.042745069287","496.957254930713","515.726959454506","329.569616540802","50.1503042745069","104.553119730186","-1.53970232421732"
"1272","Bromölla","12470","197.433841218925","550.120288692863","252.445870088212","507.056936647955","492.943063352045","496.391339214114","348.275862068966","51.4835605453087","103.849238171612","-2.24538893344026"
"1273","Osby","12947","203.213099559744","533.096470224762","263.690430215494","505.368038927937","494.631961072063","506.372132540357","338.534023325867","53.3714373986252","101.722406735151","-12.2808372595968"
"1275","Perstorp","7235","224.464409122322","549.965445749827","225.570145127851","518.037318590187","481.962681409813","506.841741534209","323.56599861783","48.5141672425708","121.07809260539","-12.1630960608155"
"1276","Klippan","17714","198.148357231568","573.331827932709","228.519814835723","517.387377215761","482.612622784238","514.677656091227","327.481088404652","46.5733318279327","111.267923676188","-0.508072710850175"
"1277","Åstorp","16449","240.865706121953","583.074958964071","176.059334913977","513.22268830932","486.77731169068","522.524165602772","341.297343303544","37.3882910815247","98.7902000121588","-0.547145723144264"
"1278","Båstad","16026","177.960813677774","503.681517534007","318.357668788219","494.009734181954","505.990265818046","446.586796455759","387.620117309372","60.5266442031699","105.266442031698","7.11344065892924"
"1280","Malmö","365644","206.870617321767","640.34415989323","152.785222785004","495.090853398387","504.909146601613","567.018739539005","291.042653509971","29.5724803360646","112.366126614959","9.60223605474177"
"1281","Lund","131590","184.398510525116","640.937761228057","174.663728246827","490.645185804392","509.354814195608","589.88524963903","296.22311725815","29.7211034273121","84.1705296755073","9.89436887301467"
"1282","Landskrona","47309","214.250988184066","572.702868375996","213.046143439937","502.399120674713","497.600879325287","500.644697626244","337.335390729037","41.979327400706","120.040584244013","3.699084740747"
"1283","Helsingborg","152091","209.571901032934","596.044473374493","194.383625592573","497.176032769855","502.823967230145","518.945894234373","326.166571329007","37.4709877639045","117.416546672716","5.16138364531761"
"1284","Höganäs","28430","201.512486809708","523.074217376011","275.413295814281","493.563137530777","506.436862469223","452.128033767147","394.688709110095","51.6707703130496","101.512486809708","8.33626450932114"
"1285","Eslöv","34922","223.956245346773","585.018040203883","191.025714449344","506.986999599107","493.013000400893","521.304621728423","345.942385888552","39.3734608556211","93.3795315274039","4.20938090601913"
"1286","Ystad","32106","183.984301999626","527.564941132499","288.450756867875","487.447829066218","512.552170933782","484.021678190992","350.588675014016","56.2823148321186","109.107331962873","6.07363109699122"
"1287","Trelleborg","47269","209.01648014555","570.860394761895","220.123125092555","502.422306374156","497.577693625844","497.979648395354","346.781188516787","46.1824874653578","109.056675622501","7.04478622352916"
"1290","Kristianstad","86379","206.878986790771","565.449935748272","227.671077460957","498.176640155593","501.823359844407","517.92681091469","334.907790087869","44.0153277995809","103.150071197861","-2.09541671008"
"1291","Simrishamn","18890","155.108523028057","480.571731074643","364.3197458973","492.376919004764","507.623080995236","437.638962413976","377.607199576495","65.1667548967708","119.587083112758","-3.81154049761779"
"1292","Ängelholm","45110","201.995123032587","551.718022611394","246.286854356019","494.657503879406","505.342496120594","498.293061405453","349.412547107072","48.7031700288184","103.591221458657","5.40900022168034"
"1293","Hässleholm","52114","200.809763211421","559.120389914418","240.069846874161","503.242890586023","496.757109413977","509.594350846222","335.802279617761","48.0868864412634","106.516483094754","-2.43696511494032"
"1315","Hylte","10196","213.515103962338","546.783052177324","239.701843860337","514.417418595528","485.582581404472","498.528834837191","361.122008630836","49.9215378579835","90.4276186739898","-10.1020007846214"
"1380","Halmstad","106084","205.525809735681","582.519512838882","211.954677425436","500.028279476641","499.971720523359","530.692658647864","328.249311866068","41.3257418649372","99.7322876211304","2.71482975755062"
"1381","Laholm","26595","201.391238954691","529.573228050385","269.035532994924","507.802218462117","492.197781537883","489.828915209626","367.399887196842","49.4077834179357","93.3634141755969","1.12803158488438"
"1382","Falkenberg","47337","205.758708832414","540.127173247143","254.114117920443","502.249825717726","497.750174282274","507.17197963538","348.81804930604","49.3060396729831","94.7039313855969","4.83765342121385"
"1383","Varberg","69070","203.691906761257","545.128130881714","251.179962357029","500.115824525843","499.884175474157","512.711741711307","347.285362675547","44.98335022441","95.0195453887361","10.7861589691617"
"1384","Kungsbacka","85792","228.890805669526","559.760816859381","211.348377471093","497.645468108915","502.354531891085","492.889779932861","381.504102946662","39.2111152555017","86.3950018649758","1.62019768743006"
"1401","Härryda","40003","248.881333899957","578.631602629803","172.48706347024","503.637227207959","496.362772792041","521.785866060045","368.422368322376","32.097592680549","77.6941729370297","3.19976001799865"
"1402","Partille","41060","240.209449585972","586.653677545056","173.136872868972","507.184607890891","492.815392109109","519.020944958597","358.54846566001","33.1709693132002","89.2596200681929","8.03701899659035"
"1407","Öckerö","12771","188.943700571608","527.444992561272","283.611306867121","498.081591104847","501.918408895153","429.880197322058","414.376321353066","60.6843630099444","95.0591183149323","-3.75851538642236"
"1415","Stenungsund","27851","219.381709812933","571.325984704319","209.292305482747","504.398405802305","495.601594197695","510.538221248788","349.07184661233","42.8350867114287","97.5548454274532","-0.394958888370256"
"1419","Tjörn","16092","186.552324136217","511.807109122545","301.640566741238","507.95426298782","492.04573701218","438.975888640318","413.373104648272","51.3298533432762","96.3211533681332","-3.35570469798658"
"1421","Orust","15352","171.508598228244","506.122980719125","322.368421052632","508.402813965607","491.597186034393","449.583116206357","386.529442417926","53.7389265242314","110.148514851485","1.23762376237624"
"1427","Sotenäs","9104","139.93848857645","500.659050966608","359.402460456942","512.961335676626","487.038664323374","414.872583479789","404.437609841828","67.0035149384886","113.686291739895","5.71177504393673"
"1430","Munkedal","10354","198.47401970253","540.370871160904","261.155109136566","518.640139076685","481.359860923315","517.770909793317","327.796020861503","52.2503380336102","102.18273131157","-14.2939926598416"
"1435","Tanum","12773","174.743599780788","512.800438424802","312.45596179441","513.035308854615","486.964691145385","477.335003523056","353.94973772802","56.3689031550928","112.346355593831","-7.20269318092852"
"1438","Dals-Ed","4606","178.245766391663","528.006947459835","293.747286148502","520.408163265306","479.591836734694","546.026921406861","300.477637863656","60.3560573165436","93.1393834129397","0"
"1439","Färgelanda","6376","190.0878293601","533.40652446675","276.505646173149","521.643663739021","478.356336260979","536.072772898369","312.264742785445","53.0112923462986","98.6511919698871","-9.09661229611041"
"1440","Ale","32576","240.790766208251","582.545432220039","176.663801571709","510.406434184676","489.593565815324","526.062131630648","353.358300589391","34.5653241650295","86.0142436149312","3.99066797642436"
"1441","Lerum","43570","254.372274500803","561.005278861602","184.622446637595","500.436079871471","499.563920128529","506.334633922424","374.61556116594","36.1487261877439","82.9010787238926","-3.12141381684645"
"1442","Vårgårda","12474","225.749559082892","561.087061087061","213.163379830046","512.666345999679","487.333654000321","520.20202020202","355.619688953022","39.8428731762065","84.335417668751","7.21500721500721"
"1443","Bollebygd","9802","226.076310956948","558.355437665782","215.56825137727","509.691899612324","490.308100387676","514.07875943685","356.967965721281","40.0938583962457","88.8594164456233","7.03937971842481"
"1444","Grästorp","5555","182.358235823582","543.294329432943","274.347434743474","508.370837083708","491.629162916292","514.311431143114","341.854185418542","51.6651665166517","92.1692169216922","-1.44014401440144"
"1445","Essunga","5560","205.575539568345","523.381294964029","271.043165467626","507.73381294964","492.26618705036","518.345323741007","338.309352517986","51.2589928057554","92.0863309352518","-17.2661870503597"
"1446","Karlsborg","7023","170.155204328634","520.432863448669","309.411932222697","511.319948739855","488.680051260145","487.825715506194","364.374199060231","56.9557169300869","90.8443685034885","-5.41079310835825"
"1447","Gullspång","5031","164.579606440072","489.564698867024","345.855694692904","510.435301132976","489.564698867024","464.321208507255","361.160803021268","63.2081097197376","111.309878751739","-17.4915523752733"
"1452","Tranemo","11839","202.213024748712","539.150266069769","258.636709181519","519.300616606132","480.699383393868","496.241236590928","363.206351887828","50.848889264296","89.7035222569474","-3.71653011234057"
"1460","Bengtsfors","9076","169.788453063023","515.755839576906","314.455707360071","514.213309828118","485.786690171882","512.340237990304","328.779197884531","62.9131776112825","95.9673865138828","-6.83120317320406"
"1461","Mellerud","9052","189.239946973045","521.652673442333","289.107379584622","520.76889085285","479.23110914715","493.261157755192","341.69244365886","55.6783031374282","109.36809544852","-12.4834290764472"
"1462","Lilla Edet","14442","220.121866777455","572.981581498407","206.896551724138","522.573050823986","477.426949176014","527.627752388866","332.917878410192","38.3603379033375","101.094031297604","1.10787979504224"
"1463","Mark","35155","209.728345896743","551.016925046224","239.254729057033","506.357559379889","493.642440620111","507.97895036268","350.334234106102","46.6789930308633","95.0078225003556","-3.75480017067273"
"1465","Svenljunga","10747","203.777798455383","531.124965106541","265.097236438076","511.02633293012","488.97366706988","503.117148971806","347.817995719736","47.9203498650786","101.14450544338","-1.11659067646785"
"1466","Herrljunga","9497","195.746025060545","549.647257028535","254.606717910919","512.582920922397","487.417079077603","509.108139412446","341.686848478467","47.3833842265979","101.821627882489","5.89659892597662"
"1470","Vara","16088","197.600696171059","550.907508702138","251.491795126803","515.726006961711","484.273993038289","531.638488314272","329.686723023371","47.3644952759821","91.3102933863749","1.3674788662357"
"1471","Götene","13286","198.931205780521","531.913292187265","269.155502032214","511.44061418034","488.55938581966","486.752973054343","367.529730543429","50.8053590245371","94.9119373776908","5.11816950173115"
"1472","Tibro","11338","200.740871405892","546.480860822015","252.778267772094","506.173928382431","493.826071617569","508.819897689187","341.418239548421","54.9479626036338","94.8139001587582","0.529193861351208"
"1473","Töreboda","9043","186.110803936747","537.100519739025","276.788676324229","516.642707066239","483.357292933761","500.608205241623","352.86962291275","50.3151608979321","96.2070109476943","-10.8371115780161"
"1480","Göteborg","608993","189.18772465365","650.759532539783","160.052742806568","502.774251920794","497.225748079206","579.8375350784","286.929406413538","28.473233682489","104.759824825573","7.18727473057983"
"1481","Mölndal","71420","216.115933912069","619.924390926911","163.959675161019","503.122374684962","496.877625315038","548.935872304677","335.69028283394","30.663679641557","84.7101652198264","12.405488658639"
"1482","Kungälv","50313","219.406515214756","573.470077316002","207.123407469243","498.221135690577","501.778864309423","517.381193727267","353.646174944845","40.9238169061674","88.04881442172","10.494305646652"
"1484","Lysekil","13907","169.986337815489","497.303516214856","332.710145969656","502.265046379521","497.734953620479","446.465808585604","380.096354353922","62.1269864097217","111.310850650751","-4.4581865247717"
"1485","Uddevalla","57010","211.419049289598","564.058937028591","224.52201368181","500.105244693913","499.894755306087","523.522189089633","326.907560077179","43.8344150149097","105.735835818277","-0.6139273811612"
"1486","Strömstad","13482","205.829995549622","557.187360925679","236.9826435247","510.532561934431","489.467438065569","513.276961875093","336.300252188103","47.1740097908322","103.248776145972","0.445037828215398"
"1487","Vänersborg","40041","207.037786269074","555.056067530781","237.906146200145","501.411053669988","498.588946330012","517.719337678879","332.733947703604","48.7500312180015","100.796683399516","0.724257635923179"
"1488","Trollhättan","59003","207.345389217497","594.91890242869","197.735708353813","504.940426757961","495.059573242039","538.633628798536","320.051522803925","41.5233123739471","99.791536023592","-1.18638035354135"
"1489","Alingsås","42722","218.107766490333","549.552923552268","232.339309957399","494.850428350733","505.149571649267","514.793314919713","343.804129020177","46.4163662749871","94.9861897851224","7.9584289125041"
"1490","Borås","114872","209.972839334215","592.964342920816","197.062817744968","501.375443972421","498.624556027579","537.824709241591","319.29451911693","40.0271606657845","102.853610975695","2.4374956473292"
"1491","Ulricehamn","24985","205.483289973984","548.28897338403","246.227736641985","507.984790874525","492.015209125475","516.189713828297","342.365419251551","48.2289373624174","93.2159295577346","-4.08244946968181"
"1492","Åmål","11906","188.560389719469","525.365362002352","286.074248278179","502.099781622711","497.900218377289","512.178733411725","322.106500923904","58.4579203762809","107.25684528809","-8.39912649084495"
"1493","Mariestad","24583","186.75507464508","544.075173900663","269.169751454257","504.210226579343","495.789773420657","515.437497457593","337.509661147948","51.0922181995688","95.9606231948908","-2.60342513118822"
"1494","Lidköping","40425","197.600494743352","556.907854050711","245.491651205937","503.203463203463","496.796536796537","521.236858379715","338.775510204082","50.3401360544218","89.6474953617811","-2.82003710575139"
"1495","Skara","18707","199.871705778586","564.975677553857","235.152616667558","502.164964986369","497.835035013631","526.80814668306","325.760410541509","49.9812904260437","97.4501523493879","2.83316405623563"
"1496","Skövde","57995","202.345029743943","596.568669712906","201.08630054315","507.078196396241","492.921803603759","564.221053539098","308.061039744806","42.4002069143892","85.3176998017071","4.00034485731529"
"1497","Hjo","9350","198.716577540107","526.951871657754","274.331550802139","503.743315508021","496.256684491979","511.657754010695","338.930481283422","51.4438502673797","97.9679144385027","9.83957219251337"
"1498","Tidaholm","12805","201.405700898087","548.067161265131","250.527137836783","507.770402186646","492.229597813354","540.882467786021","318.703631393987","48.8871534556814","91.5267473643108","-2.65521280749707"
"1499","Falköping","32806","210.815094799732","557.672377004207","231.512528196062","503.596903005548","496.403096994452","528.317990611474","331.890507833933","47.0950435895873","92.6964579650064","-5.63921233920624"
"1715","Kil","12061","213.663875300556","533.289113672167","253.047011027278","508.664289859879","491.335710140121","536.356852665616","328.165160434458","45.6015255783103","89.8764613216151","-1.98988475250808"
"1730","Eda","8412","191.51212553495","546.362339514979","262.125534950071","513.789824060865","486.210175939135","524.488825487399","317.047075606277","53.1383737517832","105.325725154541","-10.3423680456491"
"1737","Torsby","11321","170.479639607809","522.215352000707","307.305008391485","508.082324882961","491.917675117039","573.800900980479","266.495892588994","58.0337426022436","101.669463828284","-5.82987368607014"
"1760","Storfors","3788","162.882787750792","516.10348468849","321.013727560718","521.119324181626","478.880675818374","467.52903907075","352.692713833157","57.5501583949314","122.228088701162","-3.43189017951426"
"1761","Hammarö","16992","254.531544256121","534.427966101695","211.040489642185","498.528719397363","501.471280602637","542.725988700565","337.276365348399","37.4882297551789","82.5094161958569","3.06026365348399"
"1762","Munkfors","3625","175.724137931034","534.068965517241","290.206896551724","507.034482758621","492.965517241379","549.241379310345","276.965517241379","59.8620689655172","113.931034482759","-12.1379310344828"
"1763","Forshaga","11520","222.482638888889","540.972222222222","236.545138888889","504.947916666667","495.052083333333","534.114583333333","321.614583333333","44.2708333333333","100","-1.5625"
"1764","Grums","9004","190.248778320746","538.427365615282","271.323856063972","508.662816525988","491.337183474012","522.32341181697","316.970235450911","54.4202576632608","106.286095068858","-5.88627276765882"
"1765","Årjäng","9825","184.325699745547","551.552162849873","264.12213740458","515.216284987277","484.783715012723","535.368956743003","321.119592875318","55.2671755725191","88.2442748091603","-6.92111959287532"
"1766","Sunne","13356","184.636118598383","541.77897574124","273.584905660377","504.1928721174","495.8071278826","556.004791853848","294.92362982929","49.9401018268943","99.1314764899671","-0.748727163821503"
"1780","Karlstad","98084","185.320745483463","605.03242119","209.646833326536","497.012764569145","502.987235430855","576.97483789405","285.642918314914","37.6717915256311","99.7104522654052","8.67623669507769"
"1781","Kristinehamn","23756","180.080821687153","539.148004714598","280.771173598249","506.061626536454","493.938373463546","510.944603468597","317.856541505304","55.2281528876915","115.970702138407","-2.56777235224785"
"1782","Filipstad","9776","180.135024549918","511.661211129296","308.203764320786","509.819967266776","490.180032733224","544.189852700491","284.779050736498","66.5916530278232","104.439443535188","-26.3911620294599"
"1783","Hagfors","11418","164.652303380627","519.53056577334","315.817130846033","516.815554387809","483.184445612191","506.743737957611","319.583114380802","63.8465580662112","109.826589595376","-10.3345594675074"
"1784","Arvika","25547","187.84984538302","537.479938936079","274.670215680902","501.076447332368","498.923552667632","539.985125455044","298.978353622735","53.9397972364661","107.096723685756","-5.28437781344189"
"1785","Säffle","14899","180.616148734814","526.813880126183","292.569971139003","505.335928585811","494.664071414189","504.530505403047","331.498758305927","60.8765688972414","103.094167393785","-7.51728303913014"
"1814","Lekeberg","8606","248.315128979782","538.810132465722","212.874738554497","517.545898210551","482.454101789449","551.010922612131","324.308621891703","39.2749244712991","85.4055310248664","0"
"1860","Laxå","5423","179.974184030979","516.134980638023","303.890835330998","516.688179974184","483.311820025816","486.631016042781","347.22478333026","60.8519269776876","105.292273649272","-13.6455836252997"
"1861","Hallsberg","16120","215.694789081886","553.349875930521","230.955334987593","514.70223325062","485.29776674938","524.503722084367","331.203473945409","47.394540942928","96.8982630272953","-6.94789081885856"
"1862","Degerfors","9278","180.750161672774","530.071136020694","289.178702306532","510.131493856435","489.868506143565","496.443198965294","329.165768484587","59.9267083423152","114.464324207803","-8.51476611338651"
"1863","Hällefors","6321","176.87074829932","514.475557664926","308.653694035754","514.159152032906","485.840847967094","522.543901281443","300.268944787217","63.1229235880399","114.0642303433","-27.5272899857617"
"1864","Ljusnarsberg","4369","148.317692835889","511.787594415198","339.894712748913","511.100938429847","488.899061570153","488.441290913252","312.65735866331","63.8590066376745","135.042343785763","-8.69764248111696"
"1880","Örebro","160140","206.069689022106","605.938553765455","187.991757212439","494.255026851505","505.744973148495","569.589109529162","293.955289122018","34.8195329087049","101.636068440115","4.94567253653054"
"1881","Kumla","22681","234.513469423747","561.8358978881","203.650632688153","500.595211851329","499.404788148671","543.053657246153","324.192055024029","41.5766500595212","91.1776376702967","7.27481151624708"
"1882","Askersund","11477","177.746797943714","521.39060730156","300.862594754727","514.768667770323","485.231332229677","495.59989544306","347.216171473382","51.4071621503877","105.776770933171","-0.0871307833057419"
"1883","Karlskoga","30180","189.297548045063","556.129887342611","254.572564612326","503.479125248509","496.520874751491","525.149105367793","314.479787939032","52.3856858846918","107.985420808482","-2.68389662027833"
"1884","Nora","10639","199.454835980825","514.522041545258","286.023122473917","492.715480778269","507.284519221731","498.355108562835","342.983363098036","52.918507378513","105.743020960617","1.12792555691324"
"1885","Lindesberg","23141","198.392463592757","538.049349639169","263.558186768074","511.127436152284","488.872563847716","521.023291992567","325.310055745214","49.392852512856","104.273799749363","-6.5252149863878"
"1904","Skinnskatteberg","4256","165.413533834586","524.436090225564","310.15037593985","512.218045112782","487.781954887218","487.781954887218","341.40037593985","61.7951127819549","109.022556390977","-21.6165413533835"
"1907","Surahammar","9845","208.12595226003","534.179786693753","257.694261046216","517.115286947689","482.884713052311","503.504316912138","344.03250380904","54.5454545454545","97.9177247333672","-9.0401218892839"
"1960","Kungsör","8694","213.825626869105","540.257648953301","245.916724177594","512.5373821026","487.4626178974","502.185415228893","350.931677018634","45.778697952611","101.104209799862","5.86611456176674"
"1961","Hallstahammar","16653","213.415000300246","549.03020476791","237.554794931844","502.672191196781","497.327808803219","525.250705578574","322.824716267339","51.2220020416742","100.702576112412","-0.0600492403771092"
"1962","Norberg","5452","184.519442406456","521.276595744681","294.203961848863","514.30667644901","485.69332355099","519.258987527513","308.143800440205","54.6588407923698","117.938371239912","-11.9222303741746"
"1980","Västerås","160634","208.847442011031","594.176824333578","196.975733655391","501.1018837855","498.8981162145","533.000485575905","321.320517449606","38.3418205361256","107.337176438363","6.05102282206756"
"1981","Sala","22843","203.651009061857","535.568883246509","260.780107691634","504.312043076654","495.687956923346","521.603992470341","325.044871514249","47.2354769513637","106.115659064046","-0.437770870726262"
"1982","Fagersta","13072","210.832313341493","542.763157894737","246.40452876377","506.808445532436","493.191554467564","528.840269277846","305.615055079559","52.0195838433293","113.525091799266","-11.4749082007344"
"1983","Köping","25729","199.269307007657","548.719343930973","252.01134906137","510.085895293249","489.914104706751","518.286758132846","322.398849547204","52.8197753507715","106.494616969179","-9.67779548369544"
"1984","Arboga","13980","187.195994277539","540.271816881259","272.532188841202","508.583690987124","491.416309012876","512.303290414878","324.535050071531","58.5121602288984","104.649499284692","-1.57367668097282"
"2021","Vansbro","6752","184.982227488152","537.618483412322","277.399289099526","513.329383886256","486.670616113744","556.131516587678","289.691943127962","56.2796208530806","97.8969194312796","3.55450236966825"
"2023","Malung-Sälen","10254","168.519602106495","555.295494441194","276.184903452311","525.355958650283","474.644041349717","573.239711332163","279.013068070997","52.3698069046226","95.3774136922177","-0.585137507314219"
"2026","Gagnef","10384","220.724191063174","513.578582434515","265.697226502311","508.956086286595","491.043913713405","524.942218798151","343.798151001541","44.4915254237288","86.7681047765793","-4.42989214175655"
"2029","Leksand","16137","186.218008303898","512.1150151825","301.666976513602","505.546260147487","494.453739852513","501.766127532999","341.885108756274","52.4261015058561","103.922662204871","5.82512238953957"
"2031","Rättvik","10998","157.755955628296","499.818148754319","342.425895617385","503.727950536461","496.272049463539","510.456446626659","313.511547554101","59.2835060920167","116.748499727223","-4.00072740498272"
"2034","Orsa","6851","171.6537731718","540.796963946869","287.549262881331","513.209750401401","486.790249598599","546.635527660196","282.586483725004","52.2551452342724","118.522843380528","-8.31995329149029"
"2039","Älvdalen","6882","170.880557977332","529.933158965417","299.186283057251","521.214763150247","478.785236849753","587.038651554781","263.731473408893","51.2932287125835","97.9366463237431","-6.82941005521651"
"2061","Smedjebacken","10823","182.943730943361","516.215467060889","300.84080199575","512.704425759956","487.295574240044","491.083803012104","349.533401090271","51.0024946872401","108.380301210385","-8.31562413378915"
"2062","Mora","20540","180.866601752678","531.840311587147","287.293086660175","505.598831548199","494.401168451801","558.227848101266","291.869522882181","47.9552093476144","101.947419668939","0.194741966893866"
"2080","Falun","59945","208.507798815581","554.224705980482","237.267495203937","495.620985903745","504.379014096255","554.958712152807","308.449411960964","38.6020518808908","97.9898240053382","-0.683960296938861"
"2081","Borlänge","51425","208.49781234808","577.151191054934","214.350996596986","507.22411278561","492.77588721439","568.439474963539","281.400097228974","41.1278561011181","109.032571706369","-6.02819640252795"
"2082","Säter","11223","201.461284861445","520.359975051234","278.178740087321","514.835605453087","485.164394546913","523.567673527577","329.23460750245","45.620600552437","101.577118417535","-1.78205470907957"
"2083","Hedemora","15281","191.283292978208","530.200903082259","278.515803939533","508.016491067339","491.983508932661","528.041358549833","305.084745762712","50.1930501930502","116.680845494405","-4.18820757803809"
"2084","Avesta","22417","194.361422134987","532.274613016907","273.363964848106","506.178346790382","493.821653209618","527.769103805148","309.051166525405","54.2891555515903","108.890574117857","-14.9886247044654"
"2085","Ludvika","26634","203.762108583014","546.632124352332","249.605767064654","508.522940602238","491.477059397762","532.364646692198","308.102425471202","49.4480738905159","110.084853946084","8.71067057145003"
"2101","Ockelbo","5715","172.528433945757","513.210848643919","314.260717410324","511.286089238845","488.713910761155","518.460192475941","318.110236220472","55.8180227471566","107.61154855643","-7.52405949256343"
"2104","Hofors","9281","181.876952914557","540.243508242646","277.879538842797","509.427863376791","490.572136623209","521.387781489064","313.436052149553","54.5199870703588","110.656179291025","-10.0204719319039"
"2121","Ovanåker","11341","196.455339035358","508.949828057491","294.594832907151","514.328542456573","485.671457543427","541.133938806102","313.288069835112","54.404373512036","91.1736178467507","-16.2243188431355"
"2132","Nordanstig","9262","196.717771539624","521.053768084647","282.228460375729","513.172101058087","486.827898941913","548.909522781257","289.462319153531","50.5290434031527","111.09911466206","-11.6605484776506"
"2161","Ljusdal","18445","180.048793711033","528.002168609379","291.949037679588","507.34616427216","492.65383572784","550.772567091353","296.665763079425","53.6188669015993","98.9428029276227","-5.04201680672269"
"2180","Gävle","103838","198.05851422408","588.329898495734","213.611587280186","499.345133766059","500.654866233941","563.685741250795","288.632292609642","40.3127949305649","107.369171208999","2.94689805273599"
"2181","Sandviken","38360","191.527632950991","557.977059436913","250.495307612096","507.74244004171","492.25755995829","533.159541188738","308.315954118874","49.7653806047967","108.759124087591","-6.98644421272158"
"2182","Söderhamn","24545","182.195966591974","520.594825830108","297.209207577918","506.213078019963","493.786921980037","524.546750865757","309.961295579548","54.797311061316","110.69464249338","-12.7520880016297"
"2183","Bollnäs","26243","192.622794650002","534.466333879511","272.910871470487","499.485577106276","500.514422893724","544.259421560035","296.879167778074","52.6235567579926","106.237853903898","-6.51602332050452"
"2184","Hudiksvall","37528","187.22020891068","541.195907056065","271.583884033255","501.598806224686","498.401193775314","555.984864634406","289.383926668088","48.3105947559156","106.32061394159","-3.11767213813686"
"2260","Ånge","9044","171.384343210969","531.40203449801","297.213622291022","515.701017249005","484.298982750995","541.574524546661","288.367978770456","59.265811587793","110.791685095091","-7.18708536045997"
"2262","Timrå","17521","191.370355573312","564.008903601393","244.620740825295","508.30432052965","491.69567947035","536.270760801324","306.603504366189","53.3074596198847","103.818275212602","-1.08441299012613"
"2280","Härnösand","24515","195.145829084234","529.063838466245","275.790332449521","500.101978380583","499.898021619417","519.110748521313","317.560677136447","54.5380379359576","108.790536406282","-5.66999796043239"
"2281","Sundsvall","99048","194.955980938535","577.447298279622","227.596720781843","501.433648332122","498.566351667878","567.37137549471","285.326306437283","43.4738712543413","103.828446813666","-1.66585897746547"
"2282","Kramfors","17491","167.743410897033","529.415127780001","302.841461322966","512.949516894403","487.050483105597","504.945400491681","322.680235549711","60.1452175404494","112.229146418158","-8.0041164027214"
"2283","Sollefteå","18396","182.32224396608","514.568384431398","303.109371602522","508.643183300718","491.356816699282","542.020004348772","295.499021526419","59.7956077408132","102.685366383997","-6.90367471189389"
"2284","Örnsköldsvik","55443","201.341918727342","544.01818083437","254.639900438288","508.3419006908","491.6580993092","521.039626282849","341.395667622603","51.9272045163501","85.6375015781974","-0.631278971195642"
"2303","Ragunda","5146","182.083171395258","515.740380878352","302.176447726389","510.687912942091","489.312087057909","555.18849591916","280.023319082783","59.8523124757093","104.935872522347","2.13758258841819"
"2305","Bräcke","6035","170.339685169843","515.824357912179","313.835956917978","526.429163214582","473.570836785418","524.275062137531","310.024855012428","52.6926263463132","113.007456503728","-10.6048053024027"
"2309","Krokom","15680","238.647959183673","540.816326530612","220.535714285714","516.517857142857","483.482142857143","585.331632653061","296.747448979592","35.8418367346939","82.0790816326531","5.42091836734694"
"2313","Strömsund","11023","175.632767849043","507.665789712419","316.701442438538","520.457225800599","479.542774199401","547.219450240406","285.947564183979","61.4170371042366","105.415948471378","-8.16474643926336"
"2321","Åre","12693","209.721893957299","612.542346175057","177.735759867644","523.674466241235","476.325533758765","614.433152131096","283.226975498306","27.8893878515717","74.4504845190262","18.0414401638699"
"2326","Berg","7108","188.660664040518","514.772087788407","296.567248171075","518.429938097918","481.570061902082","574.4231851435","282.076533483399","51.9133370849747","91.586944288126","-4.50196961170512"
"2361","Härjedalen","10175","159.90171990172","539.85257985258","300.2457002457","522.751842751843","477.248157248157","576.805896805897","277.837837837838","52.2850122850123","93.0712530712531","2.94840294840295"
"2380","Östersund","64979","199.248988134628","576.663229658813","224.087782206559","492.620692839225","507.379307160775","614.4908355007","252.404623032057","39.4589021068345","93.6456393604088","1.50817956570584"
"2401","Nordmaling","6942","185.249207721118","527.08153269951","287.669259579372","514.405070584846","485.594929415154","504.609622587151","352.203975799481","59.2048401037165","83.9815615096514","-13.1086142322097"
"2403","Bjurholm","2359","197.11742263671","506.570580754557","296.311996608732","518.863925392115","481.136074607885","482.407799915218","357.354811360746","74.6078846969055","85.6295040271301","4.66299279355659"
"2404","Vindeln","5417","207.679527413698","512.460771644822","279.859700941481","518.737308473325","481.262691526675","514.491415912867","342.994277275245","57.2272475539967","85.2870592578918","-8.12257707218017"
"2409","Robertsfors","6690","194.618834080717","520.926756352765","284.454409566517","515.545590433483","484.454409566517","504.484304932735","361.434977578475","54.7085201793722","79.372197309417","-7.47384155455904"
"2417","Norsjö","3968","198.588709677419","499.747983870968","301.663306451613","519.153225806452","480.846774193548","497.983870967742","358.366935483871","61.9959677419355","81.6532258064516","11.0887096774194"
"2418","Malå","2962","198.852126941256","509.790681971641","291.357191087103","517.893315327481","482.106684672519","510.128291694801","334.233625928427","68.5347738014855","87.103308575287","-9.45307224848076"
"2421","Storuman","5577","176.438945669715","514.613591536668","308.947462793617","518.020441097364","481.979558902636","521.42729065806","335.126412049489","58.9922897615205","84.4540075309306","-7.88954635108481"
"2422","Sorsele","2357","173.525668222317","519.728468392024","306.74586338566","530.759439966058","469.240560033941","529.062367416207","310.564276622826","60.2460755197285","100.127280441239","-12.7280441238863"
"2425","Dorotea","2294","163.905841325196","487.358326068003","348.7358326068","535.309503051439","464.690496948561","525.719267654752","298.605056669573","74.1063644289451","101.569311246731","-19.6163905841325"
"2460","Vännäs","9132","228.975032851511","555.738063950942","215.286903197547","510.512483574244","489.487516425756","555.957074025405","322.601839684625","43.4734997809899","77.9675865089794","7.99386771791502"
"2462","Vilhelmina","6229","179.001444854712","531.867073366511","289.131481778777","517.900144485471","482.099855514529","574.731096484187","282.870444694172","57.3125702359929","85.0858885856478","-5.45834002247552"
"2463","Åsele","2694","177.802524127691","500.371195248701","321.826280623608","523.014105419451","476.985894580549","524.870081662955","309.576837416481","62.731997030438","102.821083890126","-8.9086859688196"
"2480","Umeå","134249","194.034964878696","627.751417142772","178.213617978532","499.921787126906","500.078212873094","612.958010860416","279.726478409523","32.2013571795693","75.114153550492","8.62576257551267"
"2481","Lycksele","12118","205.974583264565","542.333718435385","251.69169830005","510.480277273477","489.519722726523","549.595642845354","316.553886779997","52.7314738405678","81.1189965340815","-7.83957748803433"
"2482","Skellefteå","78150","193.845169545745","577.056941778631","229.097888675624","519.731285988484","480.268714011516","531.91298784389","341.829814459373","47.3448496481126","78.9123480486244","20.5758157389635"
"2505","Arvidsjaur","6089","178.354409591066","536.377073411069","285.268516997865","519.297093118739","480.702906881261","529.479389062243","305.633108884874","60.6010839218262","104.286418131056","-3.94153391361472"
"2506","Arjeplog","2599","158.522508657176","526.356290881108","315.121200461716","519.43055021162","480.56944978838","502.500961908426","315.505963832243","71.9507502885725","110.042323970758","-3.84763370527126"
"2510","Jokkmokk","4701","165.283982131461","529.249095937035","305.466921931504","515.209529887258","484.790470112742","551.372048500319","293.980004254414","54.0310572218677","100.616890023399","-5.74345883854499"
"2513","Överkalix","3201","142.455482661668","499.531396438613","358.013120899719","526.085598250547","473.914401749453","505.779443923774","322.086847860044","76.2261793189628","95.9075288972196","12.1836925960637"
"2514","Kalix","15391","169.189786238711","529.465271912156","301.344941849133","514.846338769411","485.153661230589","512.442336430381","320.511987525177","65.0380092261711","102.00766681827","-10.1357936456371"
"2518","Övertorneå","4057","149.864431846192","463.643086024156","386.492482129652","520.581710623614","479.418289376386","455.262509243283","371.456741434558","74.9322159230959","98.3485333990633","-7.64111412373675"
"2521","Pajala","5857","174.150589038757","466.450401229298","359.399009731945","535.427693358375","464.572306641625","519.549257298959","318.422400546355","74.4408400204883","87.5875021341984","-2.39030220249274"
"2523","Gällivare","17233","181.976440550107","558.579469622236","259.444089827656","518.888179655312","481.111820344688","593.976672662914","263.215922938548","50.3684790808333","92.4389253177044","-5.62873556548483"
"2560","Älvsbyn","7774","184.461023925907","540.648314895806","274.890661178287","514.921533316182","485.078466683818","512.091587342424","337.535374324672","55.3125803961924","95.0604579367121","-1.1577051710831"
"2580","Luleå","79645","181.781656098939","602.787368949714","215.430974951347","510.82930504112","489.17069495888","571.259966099567","299.742607822211","39.6509510954862","89.3464749827359","3.67882478498336"
"2581","Piteå","42447","191.980587556247","560.110255141706","247.909157302047","503.074422220652","496.925577779348","513.935024854524","343.911230475652","48.1777275190237","93.9760171507998","2.42655546917332"
"2582","Boden","28049","181.218581767621","556.918250204998","261.863168027381","512.959463795501","487.040536204499","530.428892295625","319.120111233912","47.3100645299298","103.140931940533","3.77910085921067"
"2583","Haparanda","9151","177.685498852584","496.339197901869","325.975303245547","518.085455141515","481.914544858485","515.57206862638","297.344552507923","59.1192219429571","127.964156922741","-2.84121953884821"
"2584","Kiruna","22426","186.970480692054","596.628912868991","216.400606438955","529.073396949969","470.926603050031","580.932845803978","290.332649603139","45.4829216088469","83.2515829840364","-0.312137697315616"
