geo_code,geo_name,pct_married,pct_single,pct_widowed,pct_divorced,women_per1000,mean_income_ksek,median_income_ksek,unemployment_rate,labour_force_participation_rate,employment_rate,pct_tertiary_edu,pct_basic_edu
0114,Upplands Väsby,33.14786479343441,52.75321423603522,3.185422172763945,10.913498797766428,495.35997456431454,365.9,343.7,5.8,81.9,77.2,39.225235816049484,16.133456489489742
0115,Vallentuna,34.15814801104815,53.23329251971867,3.1435974828440445,9.464961986389135,493.77829664853783,439,397.8,3.2,83,80.4,43.2566056086886,13.632679526665587
0117,Österåker,35.549440617028544,51.55361841444554,3.3121095868399384,9.584831381685982,494.2454857693775,482.8,402.6,3.1,83,80.4,42.298684400751775,13.375740928148042
0120,Värmdö,34.19320253028841,52.90447089096172,3.2250455666345017,9.677281012115364,497.3303312962367,475.6,401.8,3.1,83.4,80.8,42.23983480610974,14.129543591145122
0123,Järfälla,33.34794828555368,53.17369308600337,3.127599775154581,10.350758853288363,492.06295671725684,366.4,344.1,6.4,81.5,76.3,43.65302363335519,15.472511004963941
0125,Ekerö,37.499135247319266,51.35939121411276,3.3206502940159117,7.8208232445520585,495.3303355240401,537.6,430.7,2.9,81.4,79,45.47868266530508,14.70002552974215
0126,Huddinge,33.37853443449048,54.27719064949608,2.601833706606943,9.742441209406495,493.78849384098544,392.8,357.1,5.6,79.9,75.4,43.997911683644354,15.717008851061765
0127,Botkyrka,34.63010270580262,51.10369636619572,2.816328658568375,11.449872269433294,487.43026953756316,321.9,308.3,8.1,79,72.7,33.637382210985976,21.530969891978856
0128,Salem,36.05414976866396,51.81356029016965,3.5585765693722506,8.57371337179414,499.2288798766208,405.2,378.4,4.4,81.9,78.3,41.66106254203093,16.316408876933423
0136,Haninge,31.105604836711432,55.47549432578423,2.8901333069032162,10.52876753060112,489.24129045046834,355.4,337.3,5.9,82.1,77.2,32.7961666459533,17.91568278166729
0138,Tyresö,32.660281827609346,53.66314890502043,3.438459505073304,10.238109762296915,501.33186929380423,441.2,387.8,4.2,82.2,78.8,41.18671620993962,15.2519739897817
0139,Upplands-Bro,33.91140318851163,53.68747718145308,2.7564804673238408,9.644639162711451,487.83010831203603,356.7,341.1,6.4,82.1,76.9,35.82011957369379,16.857291395892904
0140,Nykvarn,34.77556311780911,54.07551450332198,2.916869227029655,8.23205315183925,489.9530059957867,418.9,401.9,3.4,85.3,82.3,34.986033519553075,17.074022346368714
0160,Täby,36.51342868903066,50.719026548672566,3.4652191809014203,9.30232558139535,501.9036838855732,562.3,453.4,3.2,82,79.4,57.75990190978673,10.457382774764064
0162,Danderyd,38.81572860447186,48.783346183500385,4.02467232074017,8.376252891287587,507.7563608326908,1038.4,516.2,3.1,76.2,73.9,65.27777777777779,10.274158523344191
0163,Sollentuna,35.741523240234976,51.567814078120165,2.8779758837472946,9.812686797897557,494.0611151190353,477.1,398.4,5.2,80.8,76.6,53.41034202689288,12.701019763559247
0180,Stockholm,27.30183793469898,59.38604262465673,2.538234224678427,10.773885215965864,505.4832689483655,475.1,378.9,5.3,81.5,77.2,56.99671528226585,11.273311168706568
0181,Södertälje,34.23054872656956,52.28304068564099,3.5477257047351594,9.93868488305429,486.6632332792413,324.5,315.4,8.8,80,73,34.78133176696748,21.057830939285523
0182,Nacka,33.50399600399601,54.002247752247754,2.9747038675610105,9.519052376195233,501.6679748822606,562.2,434.1,3.6,82,79,54.6231526467072,11.44786711774731
0183,Sundbyberg,26.895191385009063,59.88733695845328,2.089775029320823,11.127696627216832,497.76095532572765,398.4,371.8,5.3,84.5,80,52.75224019550797,12.077272198300943
0184,Solna,28.256536385783726,59.59155602699647,2.5096457587802634,9.642261828439544,499.71441560106774,436.4,405.1,3.9,81.6,78.4,62.54894492267845,8.108478708006398
0186,Lidingö,34.98563366889224,50.939496041507326,3.8551377720817745,10.219732517518656,509.8083800152965,752.4,445.2,3.4,80,77.3,59.05965039837619,10.897028083250023
0187,Vaxholm,39.31652850617493,47.05633564540687,4.001015056673998,9.626120791744205,508.96633395364574,576.3,443,2.7,81.2,79,50.17085672443251,12.78984622894801
0188,Norrtälje,33.18014567845611,50.19298640835023,5.220394983855223,11.406472929338438,495.3668243598408,364.7,334.1,3.7,82,79,31.004642849358067,16.400374915535018
0191,Sigtuna,33.526635965660354,52.81331134989672,3.073890878768928,10.586161805674001,488.3165614872932,351.2,323.3,6.3,79.7,74.7,34.32043323206974,18.565579183727383
0192,Nynäshamn,33.61784231008208,50.90421531116125,4.14663658065993,11.331305798096732,491.3829752444488,353.1,337.6,5.5,80.9,76.4,30.048959608323134,18.07268618774127
0305,Håbo,33.90501893527184,53.214643276890264,3.3474078265790275,9.53292996125887,490.2276585556958,392.2,373,3.8,83.3,80.1,31.514587212911234,17.35567970204842
0319,Älvkarleby,32.56909547738693,51.235343383584585,5.067001675041876,11.1285594639866,491.10134003350083,331.1,324.9,6.4,82.9,77.5,26.177053176900806,20.08227944537559
0330,Knivsta,33.78002170528004,55.85334780352002,2.2790544047562875,8.087576086443637,493.93667720473746,420.5,381.4,3.2,84.2,81.5,46.5574212691348,13.878211612381145
0331,Heby,32.673405367723944,53.140467061693975,4.796096200766818,9.390031369815265,488.46287905193446,326.6,311.5,5.9,81.6,76.8,24.173387096774192,19.344758064516128
0360,Tierp,31.619598180439727,52.43555724033359,4.942191053828658,11.00265352539803,492.3237300985595,325.1,319,5,81.2,77.1,25.00858339627824,17.853464258737898
0380,Uppsala,29.420682536610542,58.81314108767176,2.939729694858396,8.8264466808593,509.61228307851104,352.8,323,4.8,76.6,72.9,54.65785954090128,11.544067472773426
0381,Enköping,32.75503694099731,53.586055030767014,3.918421106789323,9.740486921446358,493.5687678788253,367.4,339.6,5.2,83.3,79,32.17545939537641,16.882039122703024
0382,Östhammar,32.91173547745957,51.14734845062788,5.29858162435631,10.64233444755624,485.9065859607914,356.9,344.7,2.7,84.7,82.4,24.963396778916543,17.968853986423532
0428,Vingåker,34.308571428571426,50.88,5.051428571428572,9.76,486.74285714285713,316.8,305.9,7.1,81.1,75.4,22.860003337226765,22.47622225930252
0461,Gnesta,32.42276138942224,51.74550532379124,4.791412113806947,11.040321172979578,498.42904520858787,361.7,342.5,4.3,80.9,77.4,33.8974358974359,17.53846153846154
0480,Nyköping,32.8979843685726,51.330042506513095,4.88482106129165,10.88715206362265,504.42204853969565,353.9,333.5,6.2,81.6,76.6,34.14799217927508,16.774452298591267
0481,Oxelösund,34.02044717812318,48.00930928434877,5.85155016208129,12.118693375446762,489.65173302302384,337.3,334.9,6.5,80.3,75,26.446075382510266,17.601691752705563
0482,Flen,34.83270407499023,47.33758625179013,5.956255695872933,11.8734539773467,488.998828277568,312.4,306.6,9.5,78.6,71.2,25.730542964606034,22.007908187867685
0483,Katrineholm,32.426655735784976,51.487380687474385,4.907185102769807,11.178778473970837,498.09685541957015,326.5,314.8,7.7,80.5,74.3,28.04170021612917,20.86705937195406
0484,Eskilstuna,31.056966689365034,53.53208399018684,4.251746686193483,11.159202634254637,498.4188875311325,328.8,314.6,9.4,81,73.4,33.916032864784505,18.893269090378155
0486,Strängnäs,34.517843970187975,49.88171851550378,4.319181949991098,11.281255564317147,496.8585455192939,388.7,356.1,4.9,82.1,78,36.33541520381389,17.07749732066965
0488,Trosa,37.43551952837141,47.65860521203189,4.562202719903531,10.343672539693173,501.3063576070208,413.4,375.3,3,83.2,80.8,34.9727857496289,16.793666501731817
0509,Ödeshög,34.829100630131755,49.971357647508114,5.575711285086882,9.623830437273249,487.6837884284896,336.9,324.4,3.6,84.5,81.6,25.83474816072439,18.251273344651953
0512,Ydre,40.92664092664093,44.89795918367347,5.570876999448428,8.604522890237176,482.90126861555433,334.3,319,2.7,83.6,81.3,30.11456628477905,15.548281505728315
0513,Kinda,35.82404338656222,49.33212815104952,5.704529476750025,9.139298985638245,491.6139399417495,363.7,336.4,3.6,84.8,81.8,29.863784424045008,17.767249037607343
0560,Boxholm,35.70781221678448,49.33840855537429,5.093347833967736,9.860431393873483,484.1399311219866,345.8,332.7,5.2,84.5,80.2,26.533298236377995,17.004474861805736
0561,Åtvidaberg,36.69660765675417,48.81834830382838,5.738205284730094,8.746838754687364,492.5438214005407,355.1,326.3,3.8,83.8,80.7,28.373524884556183,17.6629040533607
0562,Finspång,34.35231004023493,50.52952874254266,5.267539194376358,9.850622022846043,484.3453729824724,338.6,326.5,6.2,82.5,77.4,28.8139017983431,17.20886374351721
0563,Valdemarsvik,36.78405315614618,46.44518272425249,5.913621262458472,10.857142857142858,485.8471760797342,317.5,306.8,5.8,81,76.3,23.589541969726753,20.011794770984864
0580,Linköping,31.163150534114912,57.19879786949148,3.454042312613444,8.184009283780165,491.1238730026483,363.5,329.5,4.9,77.6,73.8,50.710124261560395,12.678753310246485
0581,Norrköping,31.242930059318525,54.846185680783556,4.048144571665057,9.862739688232859,499.93102496896125,346.7,321.5,7.3,82.2,76.2,37.47352335264476,17.728472914027062
0582,Söderköping,35.83744675096355,49.814050983839344,4.848197984988843,9.500304280208264,497.2614781256339,371,343.6,3.5,84.2,81.3,33.69805259987954,16.27183296526802
0583,Motala,33.4536260199977,52.000919434547754,4.787955407424434,9.757499138030111,491.5756809562119,339.1,322,6,81.9,76.9,28.90017931858936,19.30331407318855
0584,Vadstena,36.88918558077437,45.23364485981308,6.582109479305741,11.295060080106808,508.6782376502003,386.8,329.8,3.7,84.4,81.4,35.20561685055166,15.165496489468405
0586,Mjölby,33.01968984143579,54.14532148457919,4.328280188186095,8.506708485798919,491.23540686530754,357.2,337.7,4.7,84.4,80.5,30.709930971935307,16.481080264019752
0604,Aneby,37.516551419744005,49.68368397822569,4.398999558628807,8.4007650434015,488.59791084301895,336.6,329.4,4,85.9,82.4,29.515229515229514,17.93221793221793
0617,Gnosjö,39.152338188588324,47.92465228343008,4.490198225824116,8.432811302157486,483.7367210601248,357.5,321,4,85.2,81.8,21.65912989240605,25.541868080461562
0642,Mullsjö,36.85804582565183,49.39425862523045,4.569396892283382,9.178298656834343,495.6544640505662,336.5,328.4,3.7,83.8,80.6,30.68450039339103,18.13532651455547
0643,Habo,39.52140309155767,51.44916765755053,3.1807372175980975,5.848692033293698,497.10166468489894,383.8,359,2.7,87.1,84.8,38.4476737636589,16.480793060718714
0662,Gislaved,37.09565938623168,49.65440973182195,4.8555432679015755,8.394387614044788,483.58446226154274,356.4,323.5,5.7,84.2,79.4,23.118226600985224,24.049261083743843
0665,Vaggeryd,37.976391231028664,50.48229342327149,4.256323777403035,7.284991568296796,486.94772344013495,359,333.6,3.3,85.1,82.3,29.50048971596474,19.167482859941234
0680,Jönköping,34.14875316618581,53.800100234331616,3.886112126999607,8.165034472482967,496.7627019924959,361.1,329,4.4,81.4,77.9,42.576269898560085,14.822765092511684
0682,Nässjö,34.56168676987368,51.61933706904739,4.631652262006521,9.187323899072403,485.8644379016684,329.3,316.4,6.7,82.5,77,29.526961798372636,19.247919827150277
0683,Värnamo,36.54970760233918,50.22870708123443,4.724682994615251,8.496902321811127,491.45967228301777,371.5,332.5,4.1,86.1,82.5,30.05674992750922,19.038150863675902
0684,Sävsjö,38.08700164317219,49.28651733979071,5.249502724206521,7.37697829283058,486.8113811294646,324.7,314.1,6.9,81.6,76.1,26.874353671147883,22.091520165460185
0685,Vetlanda,35.30587038651555,51.075268817204304,5.25283347863993,8.36602731764022,487.9395524556815,349.4,321.9,5.6,83.4,78.8,27.013458662678914,19.65926084170049
0686,Eksjö,34.6279226618705,50.52270683453237,5.2045863309352525,9.64478417266187,495.6160071942446,345.5,320.4,5.5,82.9,78.3,33.55284820546592,16.89990121830754
0687,Tranås,34.858095033326165,50.5213932487637,5.498817458611051,9.121694259299074,493.38851859815094,337.8,319.5,6.2,81.8,76.7,28.548745633534455,17.934264845982852
0760,Uppvidinge,34.87473788765037,51.175366957289484,5.319501158812493,8.630393996247655,475.88566383401394,324.5,312.6,6.7,82.4,77,22.668810289389068,22.20257234726688
0761,Lessebo,34.7930992882133,50.367957534081306,5.1514054771383755,9.687537700567017,487.5135722041259,314.6,306,8.9,79.5,72.5,26.426642664266424,23.762376237623762
0763,Tingsryd,34.54788567608224,50.30085241517634,5.958549222797927,9.192712685943507,483.3695470499749,317.1,312.8,5,80.6,76.6,25.222588120502497,18.94133430906208
0764,Alvesta,35.96570852244075,51.0690872415532,4.820978315683308,8.144225920322743,486.48512355017647,334.7,319.4,7,83.1,77.3,28.17078585170934,19.860885008139707
0765,Älmhult,37.143828244491026,50.761910156913835,4.237240129156517,7.857021469438623,493.96703109952983,363.5,341.4,5.7,82.4,77.7,36.66417476534596,17.027992358169282
0767,Markaryd,36.09378144495874,49.3157576977259,5.121754880257598,9.468705977057757,482.5920708392031,316,311.2,5.5,81.7,77.3,22.56312389900176,21.31532589547857
0780,Växjö,31.41436329245225,56.379278784550614,3.6365855146744765,8.569772408322656,493.91868529704885,360.8,326,6.1,80.9,76,43.97217042031272,14.086931573662314
0781,Ljungby,35.47029702970297,50.34653465346535,4.996463932107496,9.186704384724187,486.77510608203676,341,326,4.2,83.4,79.9,29.266319462001317,16.600091014815188
0821,Högsby,35.970682202593494,47.171584288667546,6.502537117083255,10.355196391655703,491.824844953956,293.7,287.4,7.6,75.6,69.7,22.35135135135135,20.7027027027027
0834,Torsås,34.0922107674685,48.92611683848797,5.698739977090493,11.282932416953036,479.3814432989691,323.4,312.1,4.8,79.5,75.8,26.90704460191747,18.799499791579823
0840,Mörbylånga,37.79585798816568,47.744082840236686,5.103550295857988,9.356508875739646,505.30078895463515,367.9,344.8,2.8,83.9,81.6,39.81012074845608,14.462162411282145
0860,Hultsfred,34.76925327287355,49.572149491698966,5.938711328896365,9.71988590653112,484.1658743509106,307.1,306,6.6,78.4,73.3,22.692596970022564,23.229827011926506
0861,Mönsterås,33.529726834493836,50.11860127018134,5.807636391460709,10.544035503864107,493.76386869691635,338.1,325.8,4.9,82.3,78.2,27.32258786657712,17.86433848220282
0862,Emmaboda,33.59982234066178,50.43304463690873,6.062624916722186,9.904508105707306,477.7925827226294,325.1,319,6.2,80.2,75.2,25.977788507967166,20.360534363431515
0880,Kalmar,30.289942781690144,56.156470070422536,3.999779929577465,9.55380721830986,502.1456866197183,349.3,322.9,5.1,81.5,77.3,42.41303884942219,14.126710671493004
0881,Nybro,33.16625733045962,51.03002355771641,5.754097538970478,10.049621572853491,493.2083604831838,309.8,306.6,6.1,80.3,75.4,27.430504485953815,20.333872628327697
0882,Oskarshamn,34.53552724436356,51.056717304906584,5.389443969839914,9.018311480889945,491.2156891876834,349.2,338.5,4.9,83.4,79.3,29.99730530854217,17.601724602533007
0883,Västervik,33.750377260131145,49.754437950997335,5.96756934727138,10.527615441600132,498.8613603314402,341.7,320.3,4.8,83.2,79.2,31.956831602524943,16.68092038281409
0884,Vimmerby,34.11336453458138,52.01508060322413,5.492719708788352,8.378835153406136,487.7145085803432,334.3,321.4,4.1,84.9,81.4,25.145196610492242,19.21355803103875
0885,Borgholm,38.56178511156948,42.41515094693418,7.125445340333771,11.897618601162572,501.87511719482467,348.8,313.3,3.4,81.2,78.4,30.640394088669954,16.565798733286417
0980,Gotland,31.2870052976005,53.73210214692231,4.897410244214463,10.083482311262731,502.9276213281724,337.5,316.2,3.5,81.2,78.4,34.67686874632137,15.385520894643909
1060,Olofström,33.19230769230769,49.47692307692308,6.038461538461538,11.292307692307691,485.9230769230769,322.5,320.5,7.8,79.3,73.1,25.514861404875877,17.711232327730155
1080,Karlskrona,32.81700125186649,53.05651498469103,4.56855854361171,9.557925219830771,486.3124236436856,364.3,337.3,4.8,81.7,77.9,43.52383595567985,13.242672018103798
1081,Ronneby,34.3203089662851,50.54799763404196,5.386033888869559,9.745659510803382,491.77133711422704,324.1,313.4,9,80.7,73.4,31.075246710526315,18.791118421052634
1082,Karlshamn,33.409971339485374,50.50549588989324,5.562029542376618,10.52250322824478,497.2441812856288,348.8,324.7,6.6,82.1,76.7,34.588116909847685,16.470749668389516
1083,Sölvesborg,33.95869191049914,49.82214572576019,5.530694205393001,10.688468158347677,495.06597819850833,357.9,332.5,5.7,83,78.3,29.979347377116895,17.65386204047914
1214,Svalöv,34.944646909165925,51.949391459808844,3.5893557037750123,9.516605927250223,480.437323798391,345.5,333.2,5.2,80.9,76.7,32.50828298577275,16.712141882673944
1230,Staffanstorp,37.70281654030693,50.181298758378205,3.820093030069956,8.295791671244917,501.4833534776398,428.8,391,4.1,84.7,81.2,46.23548922056385,13.510226644555004
1231,Burlöv,34.510720859658726,50.92283965971842,3.7013083926172827,10.865131088005572,490.1746181782001,330.9,314.9,8.7,79.3,72.3,35.99062965855044,18.556115567544545
1233,Vellinge,41.49830759466892,45.345885339538825,4.490162894013116,8.66564417177914,506.58451449122066,572.7,446.9,2.9,83.2,80.8,50.042116240824676,11.387429304881474
1256,Östra Göinge,34.67591930175991,51.10173129203033,4.5070825583059095,9.715266847903848,485.69180140220345,315.2,308.9,8.6,79.7,72.9,24.090861727623217,22.381994373241636
1257,Örkelljunga,34.56261554928481,49.34319353897052,4.738736985501606,11.355453926243067,485.55025785735137,327.8,319,5.8,80.1,75.4,25.0,20.497498610339075
1260,Bjuv,33.84422896465436,51.57335001563966,4.085079762277135,10.49734125742884,482.38974038160774,313.1,314,7.9,79.5,73.2,22.140645731977003,23.149049093321537
1261,Kävlinge,37.26945222773039,50.40798103273085,3.836561258736952,8.486005480801797,499.6766942759491,441.3,390,4.1,83.9,80.5,43.06641949631505,14.983948998507934
1262,Lomma,40.9306089419381,46.732753388630385,4.576168318834715,7.760469350596804,505.07788792231435,593.4,482.3,2.9,82,79.6,59.60581944789853,11.651330514797314
1263,Svedala,35.727916542979514,52.453246257580254,3.7615029048810484,8.05733429455918,500.6149018277427,406.1,378.7,3.8,85.6,82.3,39.00745043566107,14.875615608031318
1264,Skurup,34.14819580092403,52.342242236388095,3.9709924556991636,9.538569506988713,498.45020176618516,363,342.3,5.2,82.6,78.2,31.423582238483288,16.929985032429737
1265,Sjöbo,32.698970884832185,51.347158297564256,4.5663753426074365,11.387495474996122,488.4418472358691,352.5,335.1,4.5,83.2,79.5,28.478657424297705,17.759941627143377
1266,Hörby,33.38259863770723,50.91247911579488,4.935098316411772,10.769823930086107,491.5820588613289,348.8,330.2,4.8,81.9,78,30.455373406193075,17.704918032786885
1267,Höör,34.83845187806827,50.764927503139624,3.973056284964037,10.423564333828063,496.4036990524032,358.7,343.8,4.2,82.8,79.3,40.49348077240469,15.951477141442483
1270,Tomelilla,32.95696165408021,51.57269594545054,5.015030427450693,10.45531197301855,496.9572549307134,361.2,315.1,5.3,81.1,76.7,25.712175564465078,20.341844270943238
1272,Bromölla,34.82758620689655,49.639133921411386,5.148356054530874,10.384923817161187,492.94306335204493,324.8,324.5,8.4,81.4,74.5,25.9717723276261,20.84683017121703
1273,Osby,33.853402332586704,50.637213254035686,5.337143739862516,10.1722406735151,494.631961072063,326.2,311.5,6.6,81.6,76.1,27.67252267768975,20.312320587897577
1275,Perstorp,32.356599861782996,50.68417415342087,4.851416724257083,12.107809260539046,481.9626814098134,305,301.5,12.1,75.8,66.6,21.46282973621103,26.338928856914468
1276,Klippan,32.748108840465164,51.46776560912273,4.657333182793271,11.126792367618833,482.61262278423845,320.9,315.7,6,79.5,74.8,25.833867864015392,18.8662604233483
1277,Åstorp,34.12973433035443,52.25241656027721,3.7388291081524714,9.87902000121588,486.7773116906803,318.4,315.4,8.3,79.5,72.8,24.467155835080366,22.30083857442348
1278,Båstad,38.76201173093723,44.65867964557594,6.052664420316985,10.52664420316985,505.9902658180456,434.1,348.4,3.6,81.4,78.4,40.24480712166172,14.558605341246292
1280,Malmö,29.104265350997142,56.70187395390052,2.957248033606459,11.236612661495881,504.90914660161246,347.4,312.2,10.1,79.4,71.4,48.59253292342256,15.048701538643453
1281,Lund,29.62231172581503,58.98852496390303,2.9721103427312103,8.417052967550726,509.35481419560756,363,312.5,5.1,69,65.6,64.90054102428508,9.154700402717324
1282,Landskrona,33.733539072903675,50.064469762624455,4.1979327400706,12.004058424401277,497.60087932528694,338.9,318.6,8.8,79.8,72.7,33.39171397511777,18.187583041430123
1283,Helsingborg,32.6166571329007,51.89458942343729,3.747098776390451,11.741654667271566,502.8239672301451,364.9,327.8,9.1,80.2,72.9,39.61827220848917,17.02888229293978
1284,Höganäs,39.468870911009496,45.21280337671474,5.167077031304959,10.151248680970806,506.4368624692227,417.3,367.3,4.1,82,78.7,42.00094384143464,13.711918619894082
1285,Eslöv,34.59423858885516,52.13046217284233,3.93734608556211,9.337953152740393,493.0130004008934,348.4,331.4,6.4,80.8,75.6,35.39945464165072,17.69565748239795
1286,Ystad,35.05886750140161,48.40216781909923,5.628231483211861,10.910733196287298,512.5521709337818,395.6,348.7,4.2,83.6,80.2,38.328425821064556,14.187995469988676
1287,Trelleborg,34.67811885167869,49.797964839535425,4.618248746535785,10.9056675622501,497.5776936258436,362,338.5,6.1,82.2,77.2,32.47466216216216,17.009531853281853
1290,Kristianstad,33.49077900878686,51.79268109146899,4.4015327799580914,10.315007119786058,501.82335984440664,345.6,321.1,7.7,81,74.8,36.682157676348545,17.206639004149377
1291,Simrishamn,37.76071995764955,43.76389624139757,6.516675489677078,11.958708311275808,507.62308099523557,345.2,316.6,4.4,80.1,76.5,35.57057529078906,17.125117887456774
1292,Ängelholm,34.941254710707156,49.829306140545334,4.870317002881844,10.359122145865662,505.3424961205941,394.3,351.9,4.2,84.1,80.6,37.181177832813354,14.936798430413948
1293,Hässleholm,33.5802279617761,50.95943508462217,4.808688644126338,10.65164830947538,496.75710941397705,329.8,316.6,7.6,80.7,74.6,32.123849650737334,19.14292050116421
1315,Hylte,36.11220086308356,49.852883483719104,4.992153785798352,9.04276186739898,485.58258140447236,323.7,315,7.2,81.1,75.3,23.005960828839058,24.098779449332955
1380,Halmstad,32.82493118660684,53.069265864786395,4.132574186493722,9.973228762113044,499.97172052335884,350,323.9,6.2,81.2,76.1,39.690121623248906,15.25709468951953
1381,Laholm,36.73998871968415,48.98289152096258,4.94077834179357,9.336341417559693,492.1977815378831,347.3,327.2,4.6,83.3,79.5,29.825622971560588,18.180317949282138
1382,Falkenberg,34.88180493060396,50.71719796353804,4.930603967298309,9.47039313855969,497.7501742822739,359.5,329.9,4.4,84.7,81,30.774215447279907,17.391304347826086
1383,Varberg,34.72853626755465,51.27117417113074,4.498335022441002,9.501954538873607,499.8841754741566,392,354,3.2,85.4,82.7,37.643200975343156,14.947554284993588
1384,Kungsbacka,38.15041029466617,49.28897799328609,3.921111525550168,8.639500186497576,502.35453189108534,479.7,403.3,2.4,84.8,82.8,44.629493888822594,13.130934319758621
1401,Härryda,36.84223683223758,52.17858660600455,3.2097592680548956,7.769417293702972,496.36277279204063,449.1,404.1,3,83.7,81.2,47.57547373730096,13.916708696591973
1402,Partille,35.85484656600097,51.90209449585972,3.3170969313200196,8.92596200681929,492.81539210910864,424.9,383.2,4.3,83.1,79.6,48.78031757110452,13.107660094224393
1407,Öckerö,41.43763213530655,42.98801973220578,6.06843630099444,9.505911831493227,501.91840889515305,435.3,391.3,1.9,85.3,83.7,38.971428571428575,15.771428571428572
1415,Stenungsund,34.90718466123299,51.05382212487882,4.283508671142868,9.755484542745323,495.6015941976949,423.9,386.6,3.1,84.4,81.8,38.422194668319904,15.214920438107047
1419,Tjörn,41.33731046482724,43.89758886403182,5.132985334327616,9.632115336813325,492.04573701218,486.9,376.3,2.2,83.6,81.7,37.43529198074653,15.084915084915085
1421,Orust,38.6529442417926,44.95831162063575,5.373892652423137,11.014851485148515,491.5971860343929,373.4,348.7,3,83.5,81,32.58868648130393,16.462128475551292
1427,Sotenäs,40.443760984182774,41.48725834797891,6.700351493848858,11.368629173989456,487.03866432337435,412.8,348,3.2,84.1,81.5,31.36234626300852,16.177861873226114
1430,Munkedal,32.77960208615028,51.77709097933166,5.22503380336102,10.21827313115704,481.35986092331467,328.4,325.2,3.7,82.5,79.5,24.13939051918736,17.705981941309254
1435,Tanum,35.394973772802004,47.73350035230565,5.6368903155092775,11.234635559383074,486.96469114538485,374.8,334.9,2.4,83.3,81.3,30.640382862351867,17.37693710118505
1438,Dals-Ed,30.04776378636561,54.60269214068606,6.035605731654363,9.313938341293964,479.59183673469386,338.9,315.6,3.3,82.1,79.5,24.149004495825306,20.745022479126526
1439,Färgelanda,31.22647427854454,53.60727728983689,5.301129234629863,9.865119196988708,478.35633626097865,321.7,315.9,4.8,80.6,76.8,23.04054054054054,20.855855855855857
1440,Ale,35.335830058939095,52.60621316306483,3.456532416502947,8.601424361493123,489.59356581532415,380.1,364.4,3.7,84.4,81.3,35.83363116511794,16.74857040743388
1441,Lerum,37.46155611659398,50.633463392242376,3.614872618774386,8.290107872389259,499.5639201285288,440.3,399.2,2.7,84.9,82.6,45.670980926430516,13.790871934604903
1442,Vårgårda,35.56196889530223,52.02020202020202,3.984287317620651,8.4335417668751,487.3336540003207,356.5,339.4,3.9,84.5,81.2,29.22025257791681,19.175066620322095
1443,Bollebygd,35.696796572128136,51.407875943684964,4.009385839624566,8.885941644562333,490.30810038767595,390.1,368.9,2.9,85.7,83.2,34.224201930215294,16.867112100965105
1444,Grästorp,34.18541854185418,51.431143114311425,5.166516651665167,9.216921692169217,491.6291629162916,346.1,331.3,3.1,82.9,80.4,27.828981054787505,17.20430107526882
1445,Essunga,33.83093525179856,51.83453237410072,5.125899280575539,9.20863309352518,492.26618705035975,329.6,324.6,3.7,83,79.8,23.587158397452907,19.501193950650038
1446,Karlsborg,36.43741990602307,48.782571550619394,5.695571693008686,9.084436850348855,488.68005126014526,364.4,344.3,3,80.8,78.4,31.36306268405553,13.819941102229702
1447,Gullspång,36.11608030212681,46.4321208507255,6.320810971973763,11.130987875173922,489.56469886702445,324.8,308.1,7.4,77.1,71.4,21.96329740751529,22.545878240605884
1452,Tranemo,36.32063518878284,49.62412365909283,5.0848889264295964,8.970352225694738,480.6993833938678,349.2,332.5,3.8,84.9,81.6,25.0649190058118,22.826758995919377
1460,Bengtsfors,32.87791978845306,51.23402379903042,6.29131776112825,9.596738651388277,485.78669017188184,318.6,313.5,5.8,78.8,74.1,24.718920655316413,20.73562479922904
1461,Mellerud,34.169244365885994,49.32611577551923,5.567830313742819,10.936809544851966,479.23110914714977,309.2,306.1,5.7,78.9,74.4,25.22508038585209,21.2540192926045
1462,Lilla Edet,33.29178784101925,52.76277523888658,3.836033790333749,10.109403129760421,477.42694917601443,347.2,341.2,4.4,82.4,78.8,26.976284584980238,18.527667984189726
1463,Mark,35.033423410610155,50.79789503626796,4.667899303086332,9.500782250035558,493.6424406201109,354.1,332,3.8,82.9,79.8,30.00859845227859,19.968881791753677
1465,Svenljunga,34.78179957197358,50.31171489718061,4.792034986507863,10.114450544337956,488.97366706988,336.1,315.9,4.5,82.1,78.3,22.918933623503808,23.150163220892274
1466,Herrljunga,34.168684847846684,50.910813941244605,4.738338422659787,10.18216278824892,487.41707907760343,365.1,324.3,3.1,84,81.4,26.76844014510278,20.208585247883917
1470,Vara,32.96867230233714,53.16384883142715,4.73644952759821,9.131029338637493,484.2739930382894,329.6,317.6,3.4,81.9,79,23.78070487718049,19.62442150231399
1471,Götene,36.75297305434292,48.67529730543429,5.080535902453711,9.49119373776908,488.5593858196598,348.1,333.5,3.4,84.2,81.3,28.541689492713925,19.00953215733538
1472,Tibro,34.141823954842124,50.88198976891868,5.49479626036338,9.481390015875816,493.82607161756926,329.9,325.1,5.6,82.2,77.6,26.353092783505154,19.097938144329895
1473,Töreboda,35.28696229127502,50.06082052416233,5.03151608979321,9.620701094769435,483.3572929337609,339.6,311.2,5.7,79.3,74.8,25.186478336771938,19.266783050309474
1480,Göteborg,28.692940641353843,57.98375350784,2.847323368248896,10.47598248255727,497.22574807920614,371.8,331.4,6.3,79.8,74.7,51.588829833580206,13.431210246580116
1481,Mölndal,33.56902828339401,54.89358723046765,3.066367964155699,8.471016521982639,496.87762531503785,412.2,381,3.4,84.1,81.2,52.07351919067109,11.807861610935207
1482,Kungälv,35.36461749448453,51.73811937272673,4.092381690616739,8.804881442172004,501.778864309423,413.7,380.4,2.7,85.6,83.2,40.639085871780885,14.2545433665413
1484,Lysekil,38.00963543539225,44.646580858560434,6.212698640972173,11.13108506507514,497.73495362047885,363,341.9,3.9,81.9,78.6,31.622936944561996,17.594159966144733
1485,Uddevalla,32.690756007717944,52.352218908963344,4.3834415014909665,10.57358358182775,499.8947553060866,354.2,330.9,5.9,82.2,77.4,35.84772824419804,16.620150360815668
1486,Strömstad,33.63002521881027,51.327696187509275,4.717400979083222,10.32487761459724,489.4674380655689,387.9,334.2,3.5,83.1,80.2,28.289755679382765,18.816973853407628
1487,Vänersborg,33.27339477036038,51.771933767887916,4.875003121800154,10.07966833995155,498.5889463300117,339.6,326.3,6,81.3,76.5,35.518651181301784,16.842143348167443
1488,Trollhättan,32.00515228039252,53.86336287985357,4.1523312373947086,9.979153602359201,495.05957324203854,340.5,326.3,7,80.5,74.8,38.83502050686328,16.078329105521444
1489,Alingsås,34.380412902017696,51.47933149197135,4.641636627498713,9.498618978512242,505.14957164926733,386.7,348.7,3.7,83.8,80.7,39.686021800233085,15.291012545417152
1490,Borås,31.929451911693015,53.782470924159064,4.0027160665784525,10.285361097569469,498.62455602757854,347.4,322.5,5.9,81.4,76.6,35.565601989684026,18.00271988826405
1491,Ulricehamn,34.236541925155095,51.61897138282969,4.8228937362417446,9.321592955773465,492.0152091254753,357.1,330.8,3.6,84.5,81.5,29.90855611858582,18.76638126856544
1492,Åmål,32.210650092390395,51.21787334117251,5.845792037628087,10.725684528809005,497.90021837728875,318.9,309.4,6.6,80.8,75.5,28.513313609467456,17.40631163708087
1493,Mariestad,33.75096611479478,51.54374974575926,5.109221819956881,9.596062319489079,495.78977342065656,351.8,333.4,3.9,83.4,80.2,31.53452989421134,15.161060263877332
1494,Lidköping,33.87755102040816,52.12368583797156,5.034013605442176,8.964749536178108,496.79653679653677,368,340,3.5,84.1,81.2,33.96770062606716,16.089214570290267
1495,Skara,32.57604105415085,52.680814668305985,4.998129042604373,9.745015234938794,497.8350350136312,352.1,326.1,4.7,81.5,77.6,29.737587024711193,18.376558794277408
1496,Skövde,30.806103974480557,56.42210535390982,4.240020691438917,8.531769980170704,492.9218036037589,362.3,345.1,3.9,82.2,78.9,40.06768189509306,14.087503021513173
1497,Hjo,33.893048128342244,51.165775401069524,5.144385026737968,9.796791443850267,496.2566844919786,373.3,332.1,3,82.4,79.9,31.86691895301167,14.995269631031222
1498,Tidaholm,31.870363139398673,54.08824677860211,4.888715345568138,9.15267473643108,492.2295978133542,331,326.3,3.3,82.7,79.9,25.08809821530067,18.460838922359894
1499,Falköping,33.189050783393284,52.83179906114736,4.709504358958727,9.26964579650064,496.40309699445226,333.2,322.9,5,82.3,78.2,29.235851134111428,19.03105042942083
1715,Kil,32.816516043445816,53.63568526656165,4.560152557831025,8.987646132161514,491.3357101401211,352.9,337.9,3.9,83.5,80.3,32.81423804226919,15.511061673464344
1730,Eda,31.704707560627675,52.448882548739896,5.313837375178316,10.532572515454113,486.21017593913456,369.1,321,4.4,79.2,75.8,20.27972027972028,20.723179259764628
1737,Torsby,26.649589258899393,57.38009009804787,5.803374260224362,10.166946382828373,491.91767511703915,345.5,323.3,2.6,82.5,80.3,24.04167738615899,14.625675328016467
1760,Storfors,35.26927138331573,46.75290390707497,5.7550158394931366,12.222808870116156,478.8806758183738,324.1,318.8,5.8,79.9,75.5,21.344473984048616,17.432586403342196
1761,Hammarö,33.727636534839924,54.2725988700565,3.748822975517891,8.250941619585687,501.47128060263657,427.3,381.9,2.8,85.1,82.7,48.918895066631364,12.249580796046244
1762,Munkfors,27.69655172413793,54.92413793103448,5.986206896551724,11.393103448275863,492.9655172413793,302.6,309.2,4.5,78.9,75.5,20.947030497592294,16.693418940609952
1763,Forshaga,32.16145833333333,53.41145833333333,4.427083333333334,10.0,495.0520833333333,332.4,327.9,4.6,82.3,78.5,31.719034017138405,14.931186704752012
1764,Grums,31.697023545091067,52.23234118169703,5.442025766326077,10.628609506885828,491.33718347401157,329.2,322.5,5.6,80.1,75.6,24.02460741460256,19.248826291079812
1765,Årjäng,32.1119592875318,53.536895674300254,5.526717557251908,8.82442748091603,484.78371501272267,357.1,326.5,2.4,84.3,82.3,20.415879017013232,17.40584557219718
1766,Sunne,29.49236298292902,55.60047918538484,4.994010182689428,9.913147648996706,495.80712788259956,330.8,321.2,3.2,81.7,79.1,28.94624116513172,14.135789248233028
1780,Karlstad,28.564291831491374,57.697483789405,3.767179152563109,9.971045226540516,502.9872354308552,354.1,323.1,5,80.8,76.8,47.08476718870707,12.08792752300021
1781,Kristinehamn,31.78565415053039,51.09446034685974,5.522815288769153,11.597070213840714,493.9383734635461,325.8,314.5,6,79.9,75,30.82012990954896,17.732046378923087
1782,Filipstad,28.477905073649758,54.418985270049106,6.659165302782324,10.443944353518821,490.18003273322427,297.5,298.2,7.2,77.6,71.9,19.289263665110674,22.09004667971691
1783,Hagfors,31.958311438080223,50.67437379576107,6.384655806621124,10.982658959537572,483.18444561219127,306.9,309.2,4.4,77.6,74.2,22.546788062721294,14.264036418816389
1784,Arvika,29.897835362273455,53.99851254550436,5.393979723646612,10.709672368575566,498.92355266763224,342.3,327.3,4.3,82.2,78.7,30.283497803890253,15.332838970965717
1785,Säffle,33.149875830592656,50.45305054030472,6.087656889724142,10.309416739378483,494.66407141418887,317,309.4,5.8,78.9,74.3,25.390433159807486,16.815636970828013
1814,Lekeberg,32.43086218917035,55.101092261213104,3.927492447129909,8.540553102486637,482.45410178944917,367.1,345.8,2.9,84.7,82.3,32.84518828451883,16.195955369595538
1860,Laxå,34.722478333026004,48.663101604278076,6.085192697768763,10.529227364927161,483.31182002581596,319.1,311.9,5.2,80.7,76.3,22.095857026807472,19.09017059301381
1861,Hallsberg,33.12034739454094,52.450372208436725,4.739454094292804,9.689826302729529,485.29776674937966,330.3,324.3,4.9,81.7,77.7,25.798039744627282,19.566585738692563
1862,Degerfors,32.91657684845872,49.644319896529424,5.992670834231515,11.44643242078034,489.8685061435654,320.8,315.9,6.2,78.7,73.9,22.812254516889237,20.53417124901807
1863,Hällefors,30.026894478721722,52.25439012814428,6.312292358803987,11.406423034330011,485.8408479670938,292.1,296.7,6.3,76.6,71.7,22.294776119402986,17.933768656716417
1864,Ljusnarsberg,31.265735866330967,48.84412909132524,6.385900663767452,13.504234378576333,488.8990615701533,300.4,300.9,5,76.6,72.7,20.40749260598094,20.40749260598094
1880,Örebro,29.395528912201822,56.9589109529162,3.4819532908704884,10.16360684401149,505.7449731484951,342.5,315.6,6,80.2,75.4,43.4171360137463,14.780744764863622
1881,Kumla,32.41920550240289,54.30536572461532,4.1576650059521185,9.117763767029672,499.40478814867066,352.8,332,4.3,83.2,79.7,30.550333830297532,17.22305049588384
1882,Askersund,34.72161714733815,49.559989544306006,5.140716215038773,10.57767709331707,485.23133222967675,357.4,333.6,3.2,83.7,81,24.480163286133436,17.782880469447633
1883,Karlskoga,31.447978793903246,52.514910536779325,5.238568588469185,10.798542080848243,496.520874751491,344.5,329.2,4.9,82.4,78.4,30.12838938392258,17.251125802433652
1884,Nora,34.29833630980355,49.835510856283484,5.291850737851302,10.57430209606166,507.28451922173133,341.5,331.4,4.4,81.2,77.7,32.56305481189235,16.218120332534873
1885,Lindesberg,32.53100557452141,52.10232919925672,4.939285251285597,10.42737997493626,488.87256384771615,329.2,321,5.1,80.9,76.7,26.857682619647356,18.709068010075566
1904,Skinnskatteberg,34.140037593984964,48.778195488721806,6.179511278195489,10.902255639097744,487.78195488721803,323,314.2,5.7,78.7,74,25.636672325976228,19.490662139219015
1907,Surahammar,34.40325038090401,50.350431691213814,5.454545454545454,9.791772473336719,482.8847130523109,334.5,331.2,4.9,82.8,78.7,24.70517987759367,18.734139423794595
1960,Kungsör,35.09316770186335,50.218541522889346,4.577869795261099,10.110420979986197,487.46261789740055,338.1,324.4,7.4,80.1,74.2,28.44083291010665,19.163704079905198
1961,Hallstahammar,32.28247162673392,52.52507055785745,5.1222002041674175,10.070257611241217,497.32780880321866,335.8,326.5,6.1,81.9,76.9,27.86797977109396,18.135036820157925
1962,Norberg,30.814380044020545,51.92589875275129,5.465884079236978,11.793837123991196,485.6933235509905,329.6,321.4,6.6,80.6,75.4,23.209943258578765,19.50824101594164
1980,Västerås,32.13205174496059,53.30004855759055,3.83418205361256,10.733717643836298,498.8981162145,372.5,339.5,7,81.9,76.1,42.035989175130915,15.711875724879626
1981,Sala,32.50448715142495,52.16039924703411,4.723547695136365,10.611565906404588,495.68795692334635,341.7,321.1,4.7,82.3,78.3,29.217737277802737,17.49983956876083
1982,Fagersta,30.56150550795594,52.884026927784575,5.201958384332926,11.35250917992656,493.19155446756423,320.4,319.2,8.5,78.7,72,23.058744091829844,21.010578437992347
1983,Köping,32.23988495472035,51.82867581328462,5.28197753507715,10.649461696917875,489.9141047067511,332.5,322.9,7.3,81.1,75.1,26.587771203155818,19.160326852634547
1984,Arboga,32.453505007153076,51.23032904148784,5.851216022889843,10.464949928469242,491.4163090128755,333.7,320.8,6.3,82.1,76.9,30.484451026020732,16.077850645229532
2021,Vansbro,28.96919431279621,55.61315165876777,5.627962085308057,9.789691943127963,486.6706161137441,316.6,304.9,3.2,83.7,81,21.322420848589275,21.04242946370881
2023,Malung-Sälen,27.90130680709967,57.323971133216304,5.236980690462258,9.537741369221767,474.64404134971716,360.7,326.1,2.5,84.8,82.8,23.740510697032434,18.08143547273982
2026,Gagnef,34.37981510015408,52.49422187981509,4.4491525423728815,8.676810477657936,491.04391371340523,348,333.9,2.2,84.1,82.2,30.266378689704826,15.651547876169905
2029,Leksand,34.18851087562744,50.176612753299864,5.242610150585611,10.39226622048708,494.45373985251285,361.2,332.1,2.7,83.5,81.3,35.02269989808209,13.962753636616327
2031,Rättvik,31.351154755410075,51.045644662665936,5.928350609201673,11.674849972722313,496.2720494635388,334.6,320.1,3.1,82.9,80.4,29.023104985812726,16.63288744764221
2034,Orsa,28.258648372500367,54.66355276601956,5.225514523427237,11.852284338052838,486.79024959859873,313.1,306.7,3.5,81.7,78.8,25.848074921956293,18.855359001040583
2039,Älvdalen,26.373147340889275,58.70386515547806,5.129322871258355,9.79366463237431,478.785236849753,326.7,313.1,3.1,83.4,80.9,21.113445378151262,18.865546218487395
2061,Smedjebacken,34.95334010902707,49.10838030121039,5.100249468724013,10.838030121038528,487.29557424004435,350.2,341.8,4.1,82.7,79.2,25.74203993524015,17.242309767943876
2062,Mora,29.18695228821811,55.82278481012658,4.7955209347614405,10.194741966893865,494.40116845180137,351.2,326.2,2.4,83.1,81,31.75780698035891,16.567754698318495
2080,Falun,30.84494119609642,55.49587121528068,3.8602051880890818,9.798982400533824,504.3790140962549,363.6,336.8,3.2,83.7,81,41.84636932216078,13.37808794764676
2081,Borlänge,28.140009722897425,56.843947496353906,4.112785610111813,10.90325717063685,492.77588721438985,329.9,316.1,6.2,80.5,75.5,30.98618731217777,18.866311929640762
2082,Säter,32.923460750245034,52.35676735275773,4.5620600552436965,10.157711841753542,485.16439454691255,351.3,335.1,2.6,84.5,82.3,30.531031756489657,16.444854394518384
2083,Hedemora,30.508474576271187,52.804135854983315,5.019305019305019,11.668084549440481,491.98350893266144,325,317.3,4.9,81.1,77,25.695238095238093,19.104761904761904
2084,Avesta,30.90511665254048,52.776910380514785,5.428915555159032,10.889057411785698,493.8216532096177,335.7,328.4,6.4,81.7,76.5,25.185909980430527,18.773646444879322
2085,Ludvika,30.81024254712022,53.2364646692198,4.944807389051588,11.008485394608396,491.4770593977623,339.3,330.8,5.5,81.2,76.7,30.542277896818852,17.88363276743036
2101,Ockelbo,31.811023622047248,51.84601924759406,5.581802274715661,10.761154855643044,488.7139107611548,321.3,315.3,5.3,83,78.8,24.312042413531938,21.23201211815198
2104,Hofors,31.343605214955282,52.138778148906376,5.451998707035879,11.065617929102467,490.5721366232087,330.2,326.6,6.4,82.5,77.1,22.492682175319672,18.672007394854415
2121,Ovanåker,31.328806983511154,54.113393880610175,5.440437351203597,9.117361784675072,485.6714575434265,320.1,309.4,4.4,83.3,79.7,24.39121228163049,20.27527792482795
2132,Nordanstig,28.946231915353053,54.890952278125674,5.0529043403152665,11.109911466206004,486.8278989419132,312.7,311.3,4.7,81.6,77.8,26.104928457869637,18.60095389507154
2161,Ljusdal,29.66657630794253,55.07725670913527,5.361886690159936,9.894280292762266,492.6538357278395,333.1,310.9,5.2,83.2,78.9,24.694857862823845,17.505315379163715
2180,Gävle,28.863229260964196,56.36857412507945,4.031279493056491,10.736917120899864,500.6548662339413,347.4,326,7.4,82.6,76.5,37.49290060851927,16.38133874239351
2181,Sandviken,30.83159541188738,53.31595411887383,4.976538060479666,10.875912408759124,492.2575599582899,337.4,328.6,8.1,82.4,75.7,28.39075283344592,18.524356376191548
2182,Söderhamn,30.996129557954777,52.454675086575676,5.479731106131595,11.069464249337951,493.78692198003665,331,313,7.9,81.3,74.9,26.017372679676342,18.4138505473584
2183,Bollnäs,29.687916777807416,54.4259421560035,5.2623556757992604,10.623785390389818,500.51442289372403,321,307.5,7.2,82,76.1,27.71796731187594,17.420650415574272
2184,Hudiksvall,28.93839266680878,55.598486463440636,4.831059475591559,10.632061394159027,498.4011937753144,346.8,325.3,4.4,82.9,79.2,32.247156470949896,16.50015370427298
2260,Ånge,28.836797877045555,54.15745245466608,5.926581158779301,11.079168509509067,484.29898275099515,323,313.7,3.8,81,78,23.239436619718308,17.151799687010953
2262,Timrå,30.660350436618916,53.627076080132404,5.3307459619884705,10.381827521260202,491.6956794703499,340.7,327.6,5.3,83.5,79.1,28.32967211780978,17.42738589211618
2280,Härnösand,31.756067713644708,51.91107485213134,5.453803793595758,10.879053640628186,499.89802161941674,322.5,313.7,6.5,81,75.8,36.50908216047155,16.865150968362805
2281,Sundsvall,28.53263064372829,56.73713754947096,4.347387125434133,10.38284468136661,498.5663516678782,358.9,337.6,4.6,83,79.2,37.98916143753565,15.081289218482603
2282,Kramfors,32.26802355497112,50.494540049168144,6.014521754044937,11.222914641815791,487.05048310559715,319.5,304.3,4.7,79.3,75.6,25.915032679738566,17.442810457516337
2283,Sollefteå,29.549902152641877,54.20200043487715,5.979560774081322,10.268536638399652,491.35681669928243,321,306.8,4.2,81.7,78.3,27.487888174092607,17.210706059884043
2284,Örnsköldsvik,34.13956676226034,52.103962628284904,5.1927204516350125,8.563750157819742,491.65809930920045,358.7,339.1,3.7,84.2,81.1,34.235931245585114,14.187792690265026
2303,Ragunda,28.002331908278272,55.51884959191605,5.985231247570929,10.493587252234745,489.3120870579091,310.9,302.4,4.1,82.9,79.6,23.312356979405035,17.13386727688787
2305,Bräcke,31.00248550124275,52.427506213753105,5.269262634631318,11.300745650372825,473.5708367854184,313.6,309.7,4.2,81.5,78,23.978856319077366,16.074002883229216
2309,Krokom,29.674744897959183,58.53316326530612,3.5841836734693877,8.207908163265307,483.48214285714283,368.2,344,2.1,85.5,83.7,35.95505617977528,14.50374531835206
2313,Strömsund,28.594756418397893,54.72194502404064,6.14170371042366,10.541594847137803,479.54277419940126,312.1,297.2,5.1,82.9,78.6,23.02013422818792,14.845637583892618
2321,Åre,28.322697549830618,61.443315213109585,2.788938785157173,7.445048451902624,476.32553375876466,378.8,328.6,2.6,84.8,82.6,39.786107810305715,13.44928162471643
2326,Berg,28.2076533483399,57.442318514350035,5.191333708497468,9.158694428812606,481.57006190208216,322.7,304.9,3.1,84.1,81.5,26.93581780538302,16.00414078674948
2361,Härjedalen,27.783783783783782,57.68058968058968,5.228501228501228,9.307125307125306,477.2481572481572,347.6,313,2.8,84.2,81.8,25.891103003087284,15.141734493404435
2380,Östersund,25.240462303205653,61.44908355007003,3.945890210683452,9.364563936040875,507.37930716077506,352.8,324.1,3.5,83,80.1,41.34317954080077,12.902452838408923
2401,Nordmaling,35.22039757994814,50.46096225871507,5.920484010371651,8.39815615096514,485.5949294151541,331.5,326.3,3.5,84,81.2,26.885798567214497,16.708807416772018
2403,Bjurholm,35.73548113607461,48.24077999152183,7.460788469690546,8.562950402713014,481.1360746078847,310.1,307.1,3.8,83.8,80.9,23.37411461687057,16.22665808113329
2404,Vindeln,34.29942772752446,51.44914159128668,5.722724755399668,8.528705925789183,481.26269152667527,324.7,318.2,3,83.5,81,27.760947397411183,14.871936105755989
2409,Robertsfors,36.143497757847534,50.44843049327354,5.4708520179372195,7.937219730941704,484.4544095665172,333.1,322.6,3,83.9,81.4,29.395308801377233,15.644501829137077
2417,Norsjö,35.836693548387096,49.79838709677419,6.199596774193548,8.16532258064516,480.84677419354836,334.6,320.6,2.6,83.8,81.5,22.956909361069837,16.604754829123326
2418,Malå,33.42336259284268,51.01282916948008,6.853477380148548,8.710330857528698,482.10668467251855,330.7,323.5,2.1,84.8,83,21.467798302546182,17.723414877683474
2421,Storuman,33.51264120494889,52.142729065805995,5.899228976152053,8.445400753093061,481.9795589026358,333.5,315.2,2.3,83.9,81.9,27.41561453233703,16.95439319762948
2422,Sorsele,31.056427662282566,52.9062367416207,6.0246075519728475,10.012728044123886,469.24056003394145,317.5,312.1,1.9,85.3,83.6,24.662576687116562,14.171779141104293
2425,Dorotea,29.86050566695728,52.571926765475155,7.410636442894507,10.15693112467306,464.6904969485615,321.7,316.2,4.3,83.9,80.1,20.012828736369467,16.3566388710712
2460,Vännäs,32.26018396846255,55.59570740254052,4.347349978098992,7.796758650897942,489.4875164257556,372.4,332.8,2.8,85,82.6,34.53225806451613,13.741935483870968
2462,Vilhelmina,28.287044469417243,57.473109648418685,5.7312570235992935,8.508588858564778,482.0998555145288,318.3,305.2,3.2,83.6,81,24.009111617312072,15.398633257403189
2463,Åsele,30.957683741648108,52.48700816629547,6.273199703043801,10.28210838901262,476.98589458054937,310.4,303.4,4.4,81.8,78.5,25.694066412629287,14.153511159499182
2480,Umeå,27.97264784095226,61.295801086041614,3.220135717956931,7.5114153550492,500.07821287309406,349.4,322.5,3,78.5,76.1,52.448917661339266,9.989884685413717
2481,Lycksele,31.655388677999667,54.9595642845354,5.273147384056775,8.111899653408154,489.51972272652256,341.3,322.1,3.4,84.6,81.7,28.585108929853963,15.14244673210438
2482,Skellefteå,34.1829814459373,53.191298784389,4.73448496481126,7.891234804862444,480.26871401151635,375,350.6,2.4,84.7,82.6,36.02714818081984,12.452517687723908
2505,Arvidsjaur,30.56331088848744,52.94793890622434,6.060108392182625,10.428641813105601,480.7029068812613,349,335.5,2.7,84.4,82.2,23.921753476313928,13.834551025218007
2506,Arjeplog,31.550596383224317,50.25009619084263,7.195075028857254,11.004232397075798,480.5694497883801,351.5,330.7,2.6,86.6,84.4,26.11358574610245,15.14476614699332
2510,Jokkmokk,29.398000425441396,55.13720485003191,5.403105722186768,10.061689002339929,484.79047011274196,346.7,331.2,1.9,86.2,84.5,28.95458701615361,14.660164583968301
2513,Överkalix,32.20868478600437,50.57794439237738,7.622617931896282,9.590752889721962,473.9144017494533,317.1,301.6,4.8,83.8,79.7,22.815753734721593,14.893617021276595
2514,Kalix,32.051198752517706,51.24423364303814,6.503800922617114,10.200766681827043,485.1536612305893,350.7,329,3.5,83.2,80.3,27.400732188116024,14.953534215713885
2518,Övertorneå,37.14567414345575,45.52625092432832,7.493221592309589,9.834853339906335,479.4182893763865,331,320.5,4.5,81.3,77.6,28.072111846946285,11.66298749080206
2521,Pajala,31.84224005463548,51.95492572989585,7.44408400204883,8.75875021341984,464.5723066416254,366.8,344.7,1.8,84.6,83,22.364708899717876,13.259810207745575
2523,Gällivare,26.321592293854813,59.39766726629142,5.036847908083328,9.243892531770442,481.11182034468754,408.1,399.7,1.6,87.4,86,25.05344515704654,13.912185495806611
2560,Älvsbyn,33.7535374324672,51.209158734242344,5.531258039619243,9.50604579367121,485.07846668381785,339.9,330.2,3.3,82.9,80.1,23.716517857142858,14.434523809523808
2580,Luleå,29.97426078222111,57.12599660995669,3.965095109548622,8.93464749827359,489.17069495888006,368.6,346.1,3.1,81.7,79.2,44.70772730406011,11.70814089749776
2581,Piteå,34.391123047565195,51.393502485452444,4.817772751902372,9.397601715079983,496.9255777793484,374,348.7,2.6,84.4,82.2,33.45859616158905,11.934639645685143
2582,Boden,31.91201112339121,53.04288922956255,4.731006452992976,10.314093194053264,487.0405362044993,358.2,341.4,2.8,84.1,81.8,34.73966774716369,14.110615883306322
2583,Haparanda,29.734455250792262,51.55720686263796,5.911922194295705,12.796415692274069,481.9145448584854,326.7,313.8,4.9,76.7,73,23.106423777564718,18.568232662192393
2584,Kiruna,29.03326496031392,58.09328458039775,4.548292160884687,8.325158298403638,470.9266030500312,395.4,386.1,1.8,85.1,83.6,28.165086447295035,13.856354960649439
