geo,total_dependency_ratio_per1000,old_age_dependency_ratio_per1000,youth_dependency_ratio_per1000,median_age_years,females_per1000_males,young_0_14_per1000,elderly_65plus_per1000,oldest_80plus_per1000
TR100,383.0,115.0,268.0,34.5,1008.0,194.0,83.0,15.0
TR211,433.0,146.0,287.0,35.6,963.0,200.0,102.0,16.0
TR212,458.0,251.0,207.0,41.4,991.0,142.0,172.0,31.0
TR213,452.0,236.0,216.0,41.1,973.0,149.0,163.0,29.0
TR221,494.0,261.0,233.0,42.3,1013.0,156.0,175.0,34.0
TR222,476.0,253.0,222.0,41.7,1019.0,151.0,172.0,33.0
TR310,433.0,191.0,242.0,39.0,1020.0,169.0,133.0,24.0
TR321,497.0,233.0,264.0,40.0,1018.0,176.0,156.0,29.0
TR322,450.0,186.0,264.0,38.2,1012.0,182.0,128.0,24.0
TR323,441.0,204.0,237.0,40.2,970.0,165.0,142.0,28.0
TR331,474.0,194.0,280.0,37.8,996.0,190.0,132.0,23.0
TR332,481.0,187.0,294.0,36.0,999.0,198.0,126.0,23.0
TR333,451.0,219.0,232.0,39.8,1029.0,160.0,151.0,28.0
TR334,456.0,206.0,250.0,38.9,1016.0,171.0,142.0,27.0
TR411,444.0,157.0,287.0,36.3,1003.0,199.0,108.0,18.0
TR412,422.0,187.0,236.0,38.2,1014.0,166.0,131.0,24.0
TR413,447.0,188.0,258.0,37.1,978.0,179.0,130.0,26.0
TR421,431.0,123.0,307.0,34.0,985.0,215.0,86.0,14.0
TR422,450.0,164.0,286.0,35.5,994.0,197.0,113.0,19.0
TR423,450.0,172.0,277.0,36.3,1002.0,191.0,119.0,20.0
TR424,453.0,220.0,233.0,38.4,1005.0,160.0,151.0,31.0
TR425,475.0,200.0,275.0,37.2,1005.0,187.0,136.0,24.0
TR510,406.0,146.0,260.0,35.9,1030.0,185.0,104.0,19.0
TR521,485.0,161.0,325.0,33.4,1014.0,219.0,108.0,19.0
TR522,474.0,180.0,295.0,35.1,1008.0,200.0,122.0,25.0
TR611,417.0,143.0,274.0,36.4,987.0,193.0,101.0,17.0
TR612,469.0,220.0,249.0,38.2,1027.0,170.0,150.0,29.0
TR613,484.0,252.0,233.0,39.7,999.0,157.0,169.0,37.0
TR621,485.0,149.0,336.0,34.0,999.0,226.0,100.0,16.0
TR622,471.0,160.0,311.0,35.4,994.0,211.0,109.0,19.0
TR631,512.0,135.0,377.0,31.8,973.0,249.0,89.0,14.0
TR632,517.0,145.0,372.0,31.4,963.0,245.0,96.0,18.0
TR633,511.0,152.0,360.0,32.9,987.0,238.0,100.0,16.0
TR711,444.0,202.0,242.0,38.0,994.0,168.0,140.0,24.0
TR712,496.0,158.0,338.0,33.1,1000.0,226.0,106.0,18.0
TR713,483.0,170.0,313.0,34.1,1002.0,211.0,114.0,22.0
TR714,472.0,193.0,279.0,36.2,1031.0,189.0,131.0,25.0
TR715,470.0,211.0,259.0,37.9,1013.0,176.0,143.0,26.0
TR721,467.0,153.0,313.0,34.4,1002.0,214.0,104.0,18.0
TR722,492.0,216.0,276.0,36.4,1005.0,185.0,145.0,28.0
TR723,498.0,231.0,267.0,37.8,993.0,178.0,154.0,29.0
TR811,448.0,229.0,219.0,41.7,1014.0,151.0,158.0,25.0
TR812,432.0,219.0,213.0,38.9,989.0,149.0,153.0,29.0
TR813,452.0,239.0,213.0,41.4,1014.0,147.0,165.0,28.0
TR821,536.0,310.0,226.0,42.9,1017.0,147.0,202.0,40.0
TR822,514.0,268.0,246.0,40.1,992.0,162.0,177.0,35.0
TR823,560.0,325.0,235.0,43.4,1013.0,151.0,208.0,44.0
TR831,465.0,200.0,265.0,38.3,1020.0,181.0,137.0,25.0
TR832,499.0,238.0,261.0,39.4,1012.0,174.0,159.0,29.0
TR833,521.0,262.0,259.0,40.9,1012.0,170.0,172.0,35.0
TR834,492.0,245.0,247.0,40.0,993.0,165.0,164.0,33.0
TR901,488.0,220.0,268.0,38.7,1015.0,180.0,148.0,30.0
TR902,506.0,249.0,257.0,41.1,1004.0,170.0,165.0,34.0
TR903,517.0,289.0,227.0,42.9,999.0,150.0,191.0,42.0
TR904,468.0,220.0,247.0,39.8,1000.0,168.0,150.0,32.0
TR905,506.0,281.0,226.0,41.9,1001.0,150.0,186.0,41.0
TR906,454.0,224.0,230.0,36.7,995.0,158.0,154.0,33.0
TRA11,494.0,149.0,344.0,30.8,1004.0,231.0,100.0,20.0
TRA12,464.0,203.0,260.0,35.6,962.0,178.0,139.0,29.0
TRA13,444.0,183.0,261.0,32.8,975.0,181.0,127.0,26.0
TRA21,589.0,92.0,497.0,24.5,931.0,313.0,58.0,10.0
TRA22,500.0,144.0,355.0,29.7,943.0,237.0,96.0,20.0
TRA23,519.0,121.0,398.0,28.0,924.0,262.0,79.0,14.0
TRA24,501.0,223.0,277.0,35.9,919.0,185.0,149.0,32.0
TRB11,475.0,178.0,297.0,35.6,993.0,201.0,121.0,24.0
TRB12,466.0,169.0,297.0,35.2,1024.0,202.0,115.0,22.0
TRB13,490.0,125.0,365.0,30.6,987.0,245.0,84.0,17.0
TRB14,447.0,246.0,202.0,39.9,914.0,139.0,170.0,39.0
TRB21,541.0,78.0,463.0,25.5,963.0,300.0,51.0,8.0
TRB22,593.0,100.0,494.0,24.8,967.0,310.0,62.0,11.0
TRB23,556.0,94.0,462.0,25.9,933.0,297.0,61.0,11.0
TRB24,436.0,62.0,374.0,26.3,891.0,260.0,43.0,8.0
TRC11,549.0,95.0,455.0,27.0,983.0,293.0,61.0,10.0
TRC12,553.0,139.0,414.0,29.9,974.0,267.0,89.0,17.0
TRC13,531.0,124.0,407.0,28.1,980.0,266.0,81.0,16.0
TRC21,715.0,75.0,640.0,21.4,981.0,373.0,44.0,8.0
TRC22,559.0,85.0,474.0,26.3,980.0,304.0,55.0,11.0
TRC31,597.0,95.0,502.0,25.4,990.0,314.0,60.0,14.0
TRC32,554.0,78.0,475.0,25.4,974.0,306.0,50.0,10.0
TRC33,588.0,59.0,530.0,23.0,922.0,334.0,37.0,8.0
TRC34,573.0,91.0,482.0,24.5,956.0,307.0,58.0,11.0
