geo_code,geo_name,immigrants_per1000,all_dwellings_per1000,freetime_residences_per1000,pct_aged_64plus,pct_aged_under15,pct_foreign_citizens,avg_age,dependency_ratio,births_per1000,deaths_per1000,urbanisation_pct,pct_one_person_households,pct_owner_occupied,pct_rental,pct_upper_secondary_plus,pct_tertiary,pct_no_post_basic_qual,pct_employed_of_pop,pct_unemployed_of_pop,unemployment_rate,employment_rate_20_64,pct_jobs_services,pct_jobs_secondary,pct_jobs_primary,pct_self_employed,workplace_self_sufficiency,pct_dwellings_not_permanent_use,floor_area_per_person
KU020,Akaa,4.815604998476075,541.786040841207,49.314233465406886,25.6,15.3,2.1,45.5,69.2,6.6,13,88.1,42,75.8,23.1,72.8,26.9,27.2,41.8,5,10.8,76.4,69.6,27.2,2.2,10.9,64.9,10,44.6
KU005,Alajärvi,14.155601887413585,543.8384725117963,141.33655217820694,30.8,16.2,4,47.1,88.4,6.9,14,62.9,37,78.6,18.3,69.4,23.2,30.6,36.3,3.3,8.3,74.2,60.7,28.4,9.6,16.4,99.7,18.5,47.2
KU009,Alavieska,13.541239228559704,531.3910545752974,29.134181370537547,26.9,18.3,1.8,44.8,82.3,9.8,15.6,52.4,40.5,79,19.4,70.8,18.6,29.2,37.6,4.9,11.5,74.6,57.8,26.2,15,19.1,73.9,15.4,46.7
KU010,Alavus,6.5855666331290585,579.3469313088814,182.6580078660935,29.9,15.8,2,46.7,84.2,6.1,19.2,62,42.7,74.4,23.5,69.7,20.7,30.3,36.9,4.3,10.5,73.1,67.3,23.4,8.3,14.8,95.1,18.2,45.9
KU016,Asikkala,6.526104417670682,592.4949799196787,496.9879518072289,35.1,12.9,2.7,50.4,92.4,7.1,15.8,65.4,42.9,77.5,20.8,71.5,28,28.5,35.3,4.8,11.9,73,67.2,23.3,7.8,18.6,74.9,15.7,50.2
KU018,Askola,1.9148936170212765,503.6170212765958,120.0,22.4,17.4,2.4,44,66.3,5.5,9.3,54.1,34.5,85.2,13,72.8,23.9,27.2,46.7,3.7,7.3,82.6,62.9,31.3,4.3,15.9,58,11.2,46.7
KU019,Aura,4.796768492804847,514.5165362282253,20.19691996970462,22.6,18,2.4,42.9,68.5,6.3,10.1,71.4,36.7,83,14.9,72.7,24.5,27.3,45.2,3.3,6.9,81.4,65.5,30,3.4,12.3,63.7,10.9,44.2
KU035,Brändö,2.293577981651376,782.1100917431193,713.302752293578,35.6,8.9,9.2,52.6,80.2,11.3,13.5,0,46.4,75,16.8,68.5,35.3,31.5,45.4,1.6,3.4,82.4,70.2,10.1,15.2,18.2,74.2,35.5,50.2
KU043,Eckerö,23.354564755838638,564.7558386411889,848.1953290870489,29.7,13.2,13.4,48.4,75.1,8.5,12.8,39.5,41.6,81.3,11.9,67.2,22.2,32.8,44.5,2.7,5.6,78.4,73.5,16.9,5.7,13.6,59.4,14.7,51.5
KU046,Enonkoski,6.0606060606060606,679.5454545454546,576.5151515151515,39.3,12.4,2,53.1,107.2,4.5,15.8,38.6,45.4,75.8,20.8,68.4,20.4,31.6,33,4.4,11.7,71.3,62.4,15.4,20,23.2,83,24.3,50.6
KU047,Enontekiö,2.258610954263128,644.2687747035574,782.0440429136082,31.6,11.7,3.1,49.4,76.4,6.7,14,27.6,44.5,75.2,20.7,74.4,24.2,25.6,43.3,5.3,10.9,76.9,73.6,14.4,9.9,22.2,83.8,26.7,46.4
KU049,Espoo,21.539754923190586,501.30244822051816,5.509133059893512,15.1,17.7,15.7,39.1,48.9,10.6,6,99.5,40.7,53.8,41.6,75.6,47.7,24.4,47.7,4.8,9.1,75.6,83.6,14.8,0.1,8.6,92.3,7.7,36.2
KU050,Eura,6.169527896995708,585.8369098712446,113.64449213161659,29.6,14.4,3.8,47.5,78.3,6.9,15.2,71.8,42.3,79.3,19.2,69.4,23.3,30.6,42,3.3,7.3,79.5,53.2,40.1,5.7,12.9,84,15.4,50
KU051,Eurajoki,4.812424805862408,505.0858580334683,262.8240183747129,27.1,15.8,3.3,46.1,75,5.7,11.7,64.5,33.9,85.5,12.8,73.3,28.6,26.7,41.8,3.4,7.5,79.1,61.7,33.4,4,11.8,98.2,11.2,49
KU052,Evijärvi,7.853403141361256,589.8778359511344,302.35602094240835,31,15.7,3.6,47.8,87.4,4.7,15.5,36.4,38.7,82,16.2,68,19.1,32,39.3,3.5,8.2,77.7,54.7,28.2,16,21.6,94.7,21.3,49.8
KU060,Finström,13.793103448275861,509.57854406130264,191.95402298850576,23.1,16.9,10.8,43.7,66.6,11.9,5.8,42.7,34.9,80,16.6,67,22.9,33,47.5,2,4.1,83.4,71.4,20.8,5.4,12.8,73.4,12.7,48.2
KU061,Forssa,21.61637014997875,631.003703928593,41.47185621470642,33.1,11.2,6.2,49.1,79.4,4.9,16.3,91.6,53.5,65.5,33.5,69.2,23.7,30.8,36.3,5.6,13.4,68.6,66.3,30.4,2.5,9.7,123.6,10.9,45.2
KU062,Föglö,27.5049115913556,632.6129666011789,1363.4577603143418,31.8,15.1,22.2,48.1,88.5,5.9,17.8,0,45,77.1,17.1,61.8,17.8,38.2,44.6,1,2.2,80.3,70.9,7.5,18.9,12.3,88.5,25.5,49.7
KU065,Geta,21.611001964636543,544.204322200393,878.1925343811396,25.7,16.1,14.1,46.6,72,5.9,11.8,0,40.7,82.2,12.3,64.2,20.4,35.8,43.6,2,4.3,76,66.2,17.6,10.8,21.2,53.2,14.8,51
KU069,Haapajärvi,3.964623360780726,553.0649588289112,26.68496492833181,27.8,17.2,1.4,45.4,81.8,8,14.6,68.9,43.3,75.2,23.1,69.8,21.7,30.2,38.4,4.1,9.6,74.8,62.9,26.5,9.5,14,103.8,14.3,45.7
KU071,Haapavesi,8.342345125907617,554.1479993820485,71.68237293372471,25.8,18.6,3.3,43.5,80.2,7.7,14.8,61.9,41,76.5,21.6,71.1,18.4,28.9,37.3,4.6,10.9,73.4,54.1,32.4,12.6,16.1,104,19.4,44.8
KU072,Hailuoto,1.0548523206751055,618.1434599156119,728.9029535864979,40.4,11.8,1.2,53.8,109.3,4.2,12.6,54.2,43.2,81.7,15.2,78.5,34.7,21.5,34.2,3.9,10.2,74,71.3,13.9,13.6,19.4,67.9,17.1,48.5
KU074,Halsua,8.884501480750247,637.7097729516288,222.11253701875617,37,13.7,4.7,51.5,103,4.8,22.3,44.7,39.1,77.6,20.3,62.4,18.8,37.6,36.4,4,10,77.5,54.7,22.5,22.2,23.3,88.1,26,51.7
KU075,Hamina,16.432886249616054,600.2866796355073,117.28268659772705,31.4,12.2,4.9,49.4,77.2,4.6,14.5,87.9,47,72.7,25.2,72.7,26,27.3,38.1,5.6,12.9,71.7,74.4,21.8,2.7,9.7,82.5,12.1,46.9
KU076,Hammarland,14.580801944106925,504.86026731470236,321.99270959902793,23.1,16.7,12,44.4,66.3,8.6,4.9,42,33,75.5,21,69.1,24.4,30.9,47.8,2.4,4.8,82.8,74.7,16.3,6,14.5,47.1,11.7,47.4
KU077,Hankasalmi,12.750054957133436,627.1708067707187,318.97120246207953,34.9,12.8,2.3,50.6,91.2,5.2,17.5,47.2,45.5,77.1,21,71.2,21.2,28.8,35.5,5.5,13.4,71.8,64.8,22.4,11,19,79.4,19.1,48.7
KU078,Hanko,6.346328195829556,766.0924750679964,97.65574407460173,35,10.8,4,51.5,84.7,4.2,16.7,95.4,49,72.8,25.6,64.7,24.4,35.3,39.7,4.9,11,76.2,67.2,31.5,0.5,9.1,114.2,29,47.7
KU079,Harjavalta,5.818290317768164,659.55542294495,6.713411905117112,33.1,13.3,4,49.1,86.7,4.8,14,93.4,50.3,73,26,70.6,23.5,29.4,36.9,5.1,12.2,72.4,61.9,35.1,2.2,7.9,142.6,17.8,49.9
KU081,Hartola,3.9510075069142636,755.4326353220071,917.423943105492,43.6,9.2,2.8,56.1,112,8.6,22.3,53.5,52.7,76,21.4,64,19.2,36,32.7,5.4,14.1,69.8,63.4,19.1,15.8,23.3,99.4,24.4,53.3
KU082,Hattula,1.707395155266247,526.4112688080248,209.79617970334007,25.1,15.9,1.5,45.1,69.7,6,10.7,76,36.2,81.4,16.4,77.6,32.7,22.4,44.3,3.6,7.6,80.7,74,22.8,2.3,11.7,66.9,12.4,47.1
KU086,Hausjärvi,3.2508127031757943,539.8849712428107,95.89897474368591,24.2,15.8,2.6,45.6,66.8,7,12.2,65.4,37,81.1,17,73.3,25.9,26.7,44.2,3.9,8.1,78.5,68.1,26.7,3.8,13.5,49.3,13.2,47
KU111,Heinola,6.405614660502423,653.2612933771514,187.32245307191,37.2,10.2,3.7,52.3,90,4.2,19.3,91.2,51.6,66.6,32.5,70.7,24.8,29.3,34.9,6.3,15.2,69,68,28.9,2,9.8,97,13.3,45.7
KU090,Heinävesi,12.662445851382872,774.7417527490836,587.8040653115628,42.8,8.8,3.8,55.9,106.3,3,19.8,44.1,50.4,76.9,20.3,66.4,22.3,33.6,32.2,5.2,13.8,67.9,63.4,22.9,11.8,18.6,98.8,27.4,50.9
KU091,Helsinki,18.57227575982209,584.6893995552261,0.5989621942179393,17.6,14.1,11.9,41.2,46.4,9.1,8.6,99.9,51.1,45.5,50.5,76.8,46,23.2,48.1,6,11.1,73.3,87.8,10.5,0.1,9.1,132.7,9.7,34.5
KU097,Hirvensalmi,17.943743937924342,717.7497575169738,1437.9243452958292,40.2,9.9,2.3,54.3,100.6,5.3,14.4,34.6,46.9,81.7,15.8,69.1,22.5,30.9,34.9,5.8,14.3,71,62.6,22.4,13.1,20.3,69,26.2,52.2
KU098,Hollola,3.320952589032117,515.228315490496,84.0725365960236,26.9,16.1,1.9,46,75.5,6.5,11.3,80.4,38.2,78.6,19.5,75,31.9,25,41.4,4,8.9,78.5,69.5,26,3.3,13.2,61.3,9.1,47.1
KU102,Huittinen,7.982583454281567,631.3497822931785,46.34045200082936,30.9,13.4,3.9,48.2,79.8,6.6,16,71.9,48,74.9,23.7,71,24.2,29,40.5,3.6,8.2,77,62.7,26.4,9.7,16.1,101.4,17.4,50.2
KU103,Humppila,1.411764705882353,607.0588235294117,144.47058823529412,32.2,12.8,1.6,49.1,81.9,7.9,13.5,62.6,44.8,82.2,15.9,70.5,21.1,29.5,38.6,5.4,12.2,73.4,59.1,30.2,9.6,16.1,60.5,15.8,51.2
KU105,Hyrynsalmi,3.877847794474067,748.9093553078042,345.6131846825012,45.3,9.5,1.4,55.8,121.1,4.3,21.2,56.6,47.1,79.8,17.3,67.5,16.9,32.5,29.2,4.5,13.4,65.1,68.4,18.6,11.5,13.5,84.6,28.7,51.5
KU106,Hyvinkää,11.684185838255049,560.2012750261189,9.573356644847658,24.1,14.3,5.2,44.7,62.5,6.4,10.5,94.3,47,61.4,34.9,74,32.1,26,44.4,5.1,10.3,76.6,74.3,24.3,0.6,8.1,94.4,8.2,41.1
KU108,Hämeenkyrö,3.488710146332009,543.2696966760345,132.28025971508868,25.3,16.6,1.6,45.4,72.3,7.2,12.2,60.9,40.5,79.4,18.7,75.1,25,24.9,41.2,4.8,10.4,75.6,65,28.8,4.7,13.7,65.6,13.1,45.1
KU109,Hämeenlinna,11.973243168079158,597.0374273628128,124.88473191937821,27.1,13.8,4.8,45.9,69.1,6.6,12.9,88.6,49.2,63.1,35,75.8,33.5,24.2,41.1,5.4,11.6,73.6,76.2,20.4,2.3,9.9,102.4,11.5,42.8
KU139,Ii,1.331148883882859,497.44009830022526,210.01433544951874,22.7,20.8,0.6,42.1,77.2,9.3,9.4,79.5,36.6,80,17.8,74.8,24.8,25.2,37,6.1,14.1,72.2,67.4,27.4,4,10.2,66.1,13.5,42.8
KU140,Iisalmi,8.97274226404113,591.6674750218256,52.23591036957998,29.2,14.2,3.2,46.6,76.6,5.8,13.8,76.8,47.7,64.5,34.3,75,25.8,25,38.3,6,13.6,72,67.8,26.5,4.6,10.2,109.8,11.3,43.8
KU142,Iitti,3.8795779019242707,617.31843575419,386.56114214773436,33.8,13.4,1.9,49.8,89.3,5.9,16.5,60.1,47.5,74.8,23.4,71.2,25.6,28.8,37.2,4.9,11.7,74,62.7,27.9,7.6,16.5,78.4,15.2,49.9
KU143,Ikaalinen,20.72992700729927,637.6642335766423,318.8321167883212,33.5,13.1,3.9,49.3,87.2,4.1,16.4,61,45.3,73.2,24.7,71.3,25.6,28.7,35.6,5.2,12.8,71,67.1,23.1,8.3,16.8,88.8,19.9,48.9
KU145,Ilmajoki,3.240703232601475,502.7140889573037,23.49509843636069,23,18.9,1.1,42.5,72.1,9.8,10.2,77.2,36,79.4,18.8,76.6,28.1,23.4,43.9,3,6.5,81.1,66.7,25.9,6.4,12.6,62.4,11.5,46.3
KU146,Ilomantsi,4.0853381752156155,773.9446209714026,405.35633227417156,46,8.1,2.6,57.1,118,2,24.3,53.7,50.6,78,20.1,67.5,17.4,32.5,29.6,5.8,16.3,65.5,70.1,17.1,11,13.7,96.2,27.2,48.7
KU153,Imatra,13.002126891127253,653.8785665556403,8.186524338857899,32.6,11.2,5.4,50.2,78,4.9,17.1,97.5,51.1,69.2,29.4,71.5,24.3,28.5,34.9,7.9,18.5,65.8,69.3,28.6,0.9,7.6,99.9,14.7,44.9
KU148,Inari,10.803984846358915,593.9385435667182,452.92549459800756,28,12,4.3,48,66.8,6.1,12.8,65.9,44,65.4,31.5,75,27.2,25,47.2,3.8,7.5,80.3,83.1,10.4,5.1,14.7,96.9,19.2,42.6
KU149,Ingå,5.205428518311954,533.7423312883436,451.94274028629854,26.9,14.2,3.8,47.4,70,8,14.3,44.3,35.7,83.8,14.4,74.7,37.5,25.3,45.8,2.9,6,82.2,75.7,18.5,4.3,17.9,53,13.4,51.9
KU151,Isojoki,9.922822491730981,709.4818081587651,123.48401323042998,36.1,11.3,4.1,51.7,89.9,6,32.2,42.3,46.7,77.3,20.3,64.9,17.2,35.1,41,2.5,5.7,80.4,52.3,27.8,18.4,22.7,86.6,27.9,51.4
KU152,Isokyrö,6.655955932981409,583.4289648840946,50.49345880192793,29.6,14.9,1.4,47,80.3,5.5,14.4,70,42.7,79.4,18.1,72.6,26,27.4,40,3,7,77.8,61,27.8,9.9,16.5,74.6,17.9,48.5
KU165,Janakkala,4.093530980586739,553.6810767226943,114.74291384977982,25.7,15.4,2.7,45.8,69.6,7.3,14.8,77.3,41.5,77.1,21.7,73.8,26.9,26.2,43,4.3,9.1,77.8,68,27.7,3.3,11.3,71.7,12,45.5
KU167,Joensuu,15.205862007122544,613.3842330455279,43.158002613307374,23.4,12.9,5.2,43.1,57,6.5,11.4,90.9,52.7,53.5,44.8,79.2,33.5,20.8,40,7,14.9,66.3,78.2,18.8,1.9,7.7,113.2,9.9,40.9
KU169,Jokioinen,3.6615134255492268,565.907241659886,53.90561432058584,29.6,14,2.7,47.8,77.3,6.3,14.3,62.1,38.4,81.2,17.4,72.5,27.1,27.5,41.1,4.3,9.4,78.1,64.3,29.4,4.9,13.6,75.8,14.8,48.5
KU170,Jomala,11.93610672283658,461.119887660172,68.10602071265579,16.2,20.1,8.2,39.9,56.9,11,5.1,70.4,30.1,85,12.4,74.1,34.6,25.9,53.1,1.4,2.5,88.5,77.2,17.3,2.4,12.9,83.1,9.4,48
KU171,Joroinen,18.736383442265797,605.2287581699346,252.72331154684096,33.1,13,4.9,50,85.5,6.1,16.6,58.5,42.4,76.6,21.8,72.6,24.1,27.4,37.8,4.4,10.4,73.8,57.7,26.2,14.9,15.3,74.2,16,49.7
KU172,Joutsa,6.619269428781564,730.0809021819074,595.4890904633488,41.1,9.8,2.4,54.7,103.7,2.4,25.2,58.9,51.6,77,21.4,67.9,21.1,32.1,33.6,4.8,12.5,71.2,63.4,22.4,12.1,20.2,94.1,23.7,49.4
KU176,Juuka,8.452688424512797,715.1913594740549,391.6412303357596,40.3,8.6,2.3,54.4,96,4.4,21.1,47.1,51,75.9,22.3,66.9,17.7,33.1,32,7.3,18.6,65.7,61.1,25.3,12,14.4,96.6,21.3,48.9
KU177,Juupajoki,4.0983606557377055,688.5245901639344,277.5175644028103,33.8,13.5,1.3,49.7,90,6.3,17.8,43,41.3,81.2,16.4,69.4,22.1,30.6,39.4,3.5,8.1,77.6,61.4,28.4,8.8,17.8,97.5,28.6,49
KU178,Juva,12.207882804325079,651.377746773631,360.65573770491807,38.3,11.1,3,52.6,97.5,5,16.5,51.2,48,77.6,20.4,70.5,21.7,29.5,37.2,3.8,9.4,76.8,64.1,17.4,17.1,18.3,82.3,17.8,50.8
KU179,Jyväskylä,12.72454076590906,598.8047053727344,25.19188336740081,19.1,14.2,4.5,40.8,50.1,7.9,8.4,95.5,52.4,49,46.4,80.4,38.2,19.6,42.6,7,14.1,68.1,81.4,16.4,0.8,8,106.1,9.2,39
KU181,Jämijärvi,10.107015457788348,616.5279429250892,193.8168846611177,32.2,14.1,2.7,48.6,86.5,5.9,19,36.7,38.3,83.3,13.3,69.9,20.8,30.1,39,3.7,8.8,77,58.8,23.9,16,21.2,67.8,23,50.8
KU182,Jämsä,10.79136690647482,655.093316651027,233.1873631529559,34.8,11.5,2.4,51,86,4.8,15.2,74.4,48.1,74.2,24.4,73.1,24.2,26.9,36.3,5.7,13.6,71.2,64.9,30.1,3.9,11.4,96.4,17.9,47.9
KU186,Järvenpää,13.95999139599914,545.0634545063455,1.8713701871370187,20,16.2,5.8,41.9,56.6,8.7,7.1,99.9,45.5,60.2,35.5,75.4,35.5,24.6,46.5,5.4,10.4,77.2,79.8,18.9,0.2,8,65.1,7.8,38.8
KU202,Kaarina,5.558766064008366,489.2814882082611,20.336277828228624,21.6,18.3,3.3,42.7,66.3,10.1,8.3,96.1,35.7,75.9,18.8,78.6,41.5,21.4,46.1,3.5,7,81.9,76.7,21.4,0.7,9.8,63.6,7,43.4
KU204,Kaavi,1.5220700152207,723.3637747336378,458.5235920852359,39,10.1,1.6,53.8,96.3,4.1,19.6,45,48.1,76.1,21.7,66.8,15.6,33.2,32.1,6.4,16.7,64.3,61.6,24.8,11.7,14.8,85.2,24.6,47.3
KU205,Kajaani,23.854517569084983,576.9725851066744,45.54542217840221,24.7,14.9,5.4,44,65.5,7.1,13.2,88.6,48.7,64.3,35.1,76.9,30.7,23.1,40.9,4.8,10.5,72.5,77.8,19.5,2.1,6.2,104.3,10.5,42
KU208,Kalajoki,8.891044293566116,501.85903653410924,176.20433236340122,27.6,17.2,3.3,45.3,81.1,7.6,8.5,77.5,36.8,80.9,17.4,72.1,23.3,27.9,38.6,4.6,10.6,75.4,60.1,28.9,9.8,17.5,90.1,11.8,46
KU211,Kangasala,3.1966062199384577,510.3815015086787,133.89896334359037,21.2,17.9,2,42.5,64.1,8.8,9.4,86.6,38.2,73,22.6,78.8,37.2,21.2,45.4,4.1,8.2,80.5,73.5,23.3,2,10.3,57.9,9.7,43
KU213,Kangasniemi,11.536957371920218,667.5791943684005,695.150567070786,38.8,10.8,2.2,53.1,98.4,4.9,19.3,51.2,49,77,20.9,70,23.5,30,35.3,4.1,10.4,73.6,62.6,22.2,13.5,18.7,86.2,19.7,50.3
KU214,Kankaanpää,8.875262223656607,620.6228820396966,65.59625625302566,30.7,13.7,4.3,48,80,5.7,15.9,69.9,46.3,68.5,29.8,70.7,22.7,29.3,38.6,4.3,10.1,73.2,67.8,24.6,6.6,14.5,110.6,16.8,49.3
KU216,Kannonkoski,0.8216926869350862,685.291700903862,682.8266228430567,38.9,11.2,1.2,52.7,100.2,5.6,24.1,35.7,47.9,78.5,18.6,67.4,17.8,32.6,33.1,5.1,13.3,69.5,59.6,23.8,15.9,20.6,86.4,24.7,48.8
KU217,Kannus,4.384292794510103,556.9958063286314,23.446435379336638,26.7,17.8,2.4,44.8,80.2,8.3,12.6,75.4,40.1,76.9,21.2,71.7,21.5,28.3,40,4.4,9.9,77.1,60.5,28.2,10.2,15.5,95.3,16.9,46
KU218,Karijoki,9.25925925925926,717.1717171717171,77.44107744107744,38.6,11.4,2.2,52.5,100,6.7,23.5,40,49.4,81.7,16.2,65.3,14.1,34.7,38,3.4,8.1,77.2,48.2,30.1,21.2,22.8,72.8,25.5,52.3
KU224,Karkkila,15.03321291224799,573.4762848152895,111.64199976692693,28.4,13.9,7.4,47.3,73.2,5.7,15,86.1,44.9,71.6,27.3,66.2,21.5,33.8,39.6,6.1,13.3,72.7,65.9,31.6,1.6,11.9,76.9,12.4,43.7
KU226,Karstula,9.655172413793103,664.2758620689655,241.1034482758621,38.3,10.9,1.9,52.4,96.8,3,17,51.8,44.5,78.1,19.2,68.9,21.4,31.1,34.9,5.1,12.8,72.4,59.4,24.9,14.3,18.9,97.3,22.9,49
KU230,Karvia,10.379061371841155,665.6137184115523,148.46570397111913,35.8,12.6,4.9,50.7,93.9,3.6,21.5,34.9,45.7,75,21.9,66.6,15.6,33.4,38,4.2,10,75.8,55.1,24.6,18.1,24,79.1,22.9,51
KU231,Kaskinen,28.145695364238414,724.3377483443708,129.13907284768212,43.1,12.5,11.5,53.4,125.4,5.7,16.2,99.8,45.5,78.2,19.8,67.5,27,32.5,34.3,3.6,9.6,77.2,65.2,22.2,10.1,10.6,95.7,26.2,52
KU232,Kauhajoki,7.845934379457917,596.3702647012204,46.20383579014107,30.1,14.4,3,47.5,80.1,6.6,13.3,67.5,43.7,75,23.4,70.5,21.9,29.5,39,4.1,9.5,74.1,63.4,26,9.5,15.3,105.8,16.1,50
KU233,Kauhava,23.606989779096605,600.9231783712495,68.57896472139797,30.8,14.2,4.8,48.1,82.1,6.5,15.3,67.2,41.4,76.8,21.3,69.4,24,30.6,39.5,3.4,7.9,77.3,57.1,31.4,10.7,17.1,102.2,19.5,49.3
KU235,Kauniainen,13.729308666017527,478.0915287244401,0.0,23.3,17.3,7.6,43.9,68.4,7.5,7.8,100,34.8,68.3,30.6,81.7,60.6,18.3,43.3,2.8,6.1,79.9,86.1,11.9,0.3,11.6,57.8,9.1,48.2
KU236,Kaustinen,7.251631617113851,534.6869712351946,50.519700265893164,26,17.3,2.2,44.4,76.3,6.5,12.5,67.3,36,76,22.2,71.1,24.3,28.9,41,4.8,10.4,77.9,62.8,25.6,10.4,18.4,90.4,15.7,47.2
KU239,Keitele,20.638820638820636,677.1498771498772,197.54299754299754,41.7,10.9,3.4,53.7,111.1,5.4,18.7,49.2,46.4,77.4,20.6,68.1,19.3,31.9,34.6,3.6,9.4,74.9,57.7,29.1,12.3,14.5,129.4,21.8,50.4
KU240,Kemi,12.751019565329617,691.8589644313665,17.86175210366011,30.7,13.4,4.4,47.8,78.8,6.8,17.3,99.4,53,63.8,35.3,73,25.2,27,35,6.2,14.9,66.2,72.1,26.9,0.3,5.8,118,20.3,43.9
KU320,Kemijärvi,20.910384068278805,724.4665718349928,295.30583214793745,41.4,9.8,3.7,54.5,105,2.9,24.1,70.2,49.7,71.2,26.4,73,23.8,27,32.6,5.7,14.9,68.1,75.4,18.7,5,10.4,93.1,24.1,48.1
KU241,Keminmaa,1.4302431413340269,556.3645819789365,67.35144974645691,28,15.7,0.9,46.2,77.7,7.9,10.9,88.9,37.8,79.4,19.2,79.1,31.4,20.9,41.4,4.1,8.9,78.4,64.7,32.7,1.8,8.4,88.2,14.5,47.5
KU322,Kimitoön,10.677808727948005,726.0909935004643,751.6248839368617,36.4,11.6,3.9,51.7,92.2,4,19.1,44.7,46.4,77.1,20.7,69.5,27.6,30.5,39,2.9,6.9,77.9,71.1,20.3,6.7,22.1,85.4,28.4,51.4
KU244,Kempele,1.229886235523214,439.47934816029516,1.434867274777083,16.9,22.8,0.8,38.6,65.6,11.3,6.9,96.5,31.8,77.8,20.3,80.5,38.4,19.5,43.8,4.6,9.5,79.5,75.6,22.5,0.8,8.1,82.4,5.9,40.3
KU245,Kerava,12.77119154170265,551.5165789955771,0.3140456936484258,20.6,15.7,11.5,42.4,57,8.3,9.3,99.9,47,53.9,39.3,71.1,31.7,28.9,45.3,5.8,11.4,75.2,79.7,19,0.2,7.7,70.9,7.9,38.1
KU249,Keuruu,12.52177700348432,653.8545296167248,212.21689895470382,36.5,12.6,3.2,51,96.4,3.5,18.6,71.2,48,71.8,26.4,72,24.4,28,34.9,5.2,13,71.8,66.1,27.5,5.1,13,98.2,18.7,47.2
KU250,Kihniö,2.287021154945683,628.9308176100628,513.4362492853058,37.7,11.9,1.4,52.3,98.3,4,21,34.5,39.7,79.3,17.5,67.8,17.9,32.2,37.3,3.5,8.7,75.2,54.8,34.4,8.6,20.4,83.4,22,48.7
KU256,Kinnula,8.535784635587657,562.048588312541,291.52987524622455,35.2,17.7,1.2,48.8,112.4,9.7,20.1,53.4,39.9,80.4,16.7,64.4,18.1,35.6,31.8,5.1,13.9,71.6,63.9,16.1,18.8,20.2,88.9,19.5,46.9
KU257,Kirkkonummi,13.121446274967196,501.09345385624727,59.67828157651747,18,17.4,8.6,41.6,54.8,8.3,8,91.8,36.9,65.3,29.4,74.2,40.7,25.8,48,4.2,8,79.9,80.8,17.4,0.5,10.2,54.2,9.9,43.6
KU260,Kitee,21.261224068531327,654.8663432758799,294.14800288987516,40.2,10.6,5.4,53.5,103.4,3.7,16.7,55,46.8,73.6,24.4,69.8,21.2,30.2,31.2,6.8,17.9,66.3,64.3,22.4,11.3,17.6,99.8,18.6,48.7
KU261,Kittilä,7.622398123717385,528.8771621225446,593.960715332747,21.7,14.8,3.8,43.7,57.4,7.4,10.3,57.8,43.2,65,32.3,77.5,25.2,22.5,51.7,3.4,6.1,83.9,76.9,18.8,2.9,13.6,114.5,18.3,43.2
KU263,Kiuruvesi,3.210702341137124,624.0802675585284,129.4983277591973,33.5,14.2,1.6,49.2,91,6.9,18.7,50.6,47.2,71.5,26.3,71.3,19.6,28.7,36.2,5.1,12.3,73,55.8,22.6,20.2,21.7,82.4,17.7,47.4
KU265,Kivijärvi,1.932367149758454,718.8405797101449,713.0434782608695,38.8,12.9,2,51.9,107,11.4,20,51.6,47.9,80.2,17.7,61.6,12.2,38.4,32.4,5.1,13.7,70.2,63.3,23.6,12.2,14,70.7,30.9,49.5
KU271,Kokemäki,2.660360626662725,645.2852497783033,183.8604788649128,32.6,12.1,2.8,49.7,80.6,5.1,15.8,59.4,46.2,78.8,19.2,70.5,22.7,29.5,38.5,3.9,9.1,74.5,60.6,31,6.8,15.3,87.4,18.6,53.3
KU272,Kokkola,8.61372812920592,516.5545087483176,56.465472616212864,23.1,18,3.6,42.4,69.7,9.3,10.5,89.1,40.3,68.3,30.3,75.1,30,24.9,42,4.4,9.4,76.6,71.2,25.2,2.8,8.7,105.2,10.6,43
KU273,Kolari,8.726003490401396,569.9326851159312,780.3540264273249,27.7,15.3,2.4,46.4,75.5,8.2,12.7,50.7,44.3,72.2,23.9,75.9,25.4,24.1,44.5,3.6,7.5,80.3,77.9,15.8,3.5,17.2,95.5,20,46.6
KU275,Konnevesi,10.004001600640256,641.8567426970789,477.39095638255304,36.3,12.4,1.7,51.2,94.9,4.8,23.5,40.3,46.1,75.5,22.6,69.4,21.4,30.6,34.8,5.9,14.5,71.8,62.6,22,14,16.7,87.7,19.8,48.1
KU276,Kontiolahti,1.9159619450317125,470.3356236786469,99.23361522198732,19.1,20.1,1.1,41,64.5,11.1,8.5,74,33.2,81.6,17.3,81.3,35,18.7,44.5,5.2,10.5,79.5,71.6,25.2,2.3,9.4,56.7,7.9,43.7
KU280,Korsnäs,14.88833746898263,557.8163771712159,492.3076923076923,30.7,14.1,9.3,48,81.4,7.9,11.4,55.3,35.2,81.4,16.6,71.8,26.1,28.2,43,3.2,6.9,80.1,63.4,23.1,11.7,17.8,68.7,18.9,51.5
KU284,Koski Tl,10.42138649750793,626.6425011327594,91.07385591300408,33.6,12.7,4.2,50.4,86.1,4.5,14.9,53.5,45.8,80.9,16.4,68.2,21.7,31.8,39,2.9,6.9,77.4,64.4,22.2,12.6,23.7,99.5,17.6,53.9
KU285,Kotka,14.0,623.4455445544554,37.24752475247524,29,12.2,6.2,47.5,70.1,4.7,15.2,98.2,52,61.3,36.9,74.6,29.1,25.4,37.9,6.9,15.3,68,76.9,21.7,0.5,7.2,112.3,11.6,42.4
KU286,Kouvola,7.92342799188641,614.9213995943204,95.131845841785,30.1,12.3,3.3,48.2,73.8,5.4,14.9,86.1,49.5,69.5,29.2,74.1,27.3,25.9,39,5.6,12.6,71.5,73.8,22.3,2.8,9.3,95.2,11.9,46.4
KU287,Kristinestad,29.520890466204225,644.1361509920955,225.1976125181481,38,12.3,6.2,51.9,100.9,5.6,15.9,69.3,41.6,78.7,19.2,67.4,25.1,32.6,38.9,2.6,6.3,79.7,66.5,21.1,11,18.1,97.6,22.7,52.8
KU288,Kronoby,9.422110552763819,497.64447236180905,165.9861809045226,26.7,16.5,4,45.2,76,9.6,13.5,58.4,28.6,83.9,13.5,69.2,26,30.8,44.1,2.8,5.9,82.7,58.5,30.5,9.4,15.6,77.6,15.6,48.4
KU290,Kuhmo,2.505935109469797,679.6359799525192,291.3479293062516,39.9,10,1.6,53.9,99.8,4.7,21.9,64.3,49.5,73.1,24.7,72.7,19.5,27.3,33.8,4.9,12.6,70,66.8,21.1,11.3,12.9,100.2,19.1,49.7
KU291,Kuhmoinen,17.208413001912046,793.9770554493308,1508.1261950286805,45.9,8.3,2,56.8,118.6,4.3,27.1,55.4,53.5,78.3,20,68.2,23.9,31.8,31.9,4.2,11.5,72.1,66.3,21.6,10.5,23.5,82.8,27.8,52.2
KU295,Kumlinge,6.896551724137931,758.6206896551723,1189.6551724137933,41.4,9.7,10,55.1,104.2,0,26.8,0,54,79.8,13.5,69.1,31.7,30.9,43.1,1,2.3,86.8,81.6,4.8,8,14.4,74.4,25.9,54.2
KU297,Kuopio,9.31293893776054,591.7626853516743,83.96965030115868,22.4,14,3.9,42.9,57.1,7.7,10.2,87.5,49.2,54.7,42.4,79.8,35.9,20.2,43.4,5.5,11.2,71.9,81.4,15,2.4,8.4,103,9.9,40.5
KU300,Kuortane,7.985803016858917,619.9349304939367,202.8985507246377,34.2,12.5,1.9,50.1,87.3,3.5,17.3,37.1,39.5,80.7,18,69.3,24.8,30.7,39.7,2.6,6.2,80.5,66.2,21.5,10.7,19.5,96.4,23,51
KU301,Kurikka,9.109772761779443,595.728528771699,48.53484488081381,32,14.2,2.6,48.4,85.9,6.1,15.3,62.4,41.7,77.8,20.5,71.5,21.4,28.5,38.9,3.5,8.2,76.8,59,30.4,9.6,15.5,88.2,17.4,47.8
KU304,Kustavi,13.698630136986301,720.7586933614331,3461.538461538462,42.8,7.6,3.7,56.1,101.5,5.3,14.7,37.6,47.2,78.9,19.1,70.9,31.7,29.1,38.3,3.6,8.6,75.1,66.4,24.8,7.7,22.9,82.1,25,52.9
KU305,Kuusamo,9.787602370330914,575.5376523070777,501.09860842932284,30.5,14.1,3.2,48.1,80.5,6.1,14.7,65.5,41.8,71.3,26.6,74.8,23.7,25.2,38.4,5.1,11.8,72.9,78.1,15.7,5.5,13,103.7,15.4,45.1
KU312,Kyyjärvi,10.221465076660987,640.5451448040886,211.24361158432708,39.1,15.8,2.6,51.6,121.9,5.1,21.1,57.5,42.9,79.6,17.6,63.5,17.3,36.5,31.9,3.2,9.2,71.8,56.1,29.9,12.8,15.5,106.1,24.3,50.5
KU316,Kärkölä,8.50753524550316,601.3612056392806,72.67865824015557,29.3,12.5,3.6,49,71.8,3.6,17.1,66.8,44.5,75.7,22,67.7,20.3,32.3,41.2,4.9,10.7,74.1,58.2,33.2,7.2,15.8,92.5,14,49.7
KU317,Kärsämäki,5.327868852459016,577.4590163934427,40.16393442622951,30.5,16.9,1.3,46.4,90.3,6.5,17.5,45.7,43.1,74.3,23.2,67.6,14.8,32.4,35.1,4.7,11.8,72.4,53.2,25.2,20.5,25.3,110.3,20.8,43.8
KU318,Kökar,8.88888888888889,777.7777777777778,1177.7777777777778,36,4.4,6.2,54.6,67.9,8.9,17.9,0,49.1,76.3,18.4,70.2,26,29.8,46.7,2.2,4.5,78.6,73.3,9.5,4.8,24.8,90.5,34.9,44.5
KU398,Lahti,12.088522118101299,606.6880432170881,14.789590117073898,25.5,13.6,6,45,64.4,6.8,12.3,97.6,52.7,54.4,42.2,73.1,30.6,26.9,40.1,6.9,14.6,69.9,74.7,23.4,0.6,8.7,106,9.4,41
KU399,Laihia,1.9526165061181984,541.9161676646706,27.076282218172352,24.9,18.5,1.3,44.2,76.6,6.7,12.6,82.8,38.2,80.7,17.4,74.8,31.8,25.2,43.2,2.9,6.3,82.1,60.8,34.6,3.9,9.4,52.1,15.7,46.7
KU400,Laitila,32.46060893259092,555.1474943727046,156.3795758796351,25.8,16,11.1,45.2,71.9,7.4,11.9,73,42.9,73.7,24.8,67.5,20.8,32.5,43,3.4,7.4,78.5,51.7,39.1,7.8,14.1,100.9,12.8,46.7
KU407,Lapinjärvi,6.941608819926501,637.4030216414864,147.40710494079215,31.2,12.9,6.2,49,78.9,3.2,17.7,28.1,44.3,77.3,19.8,65.8,22.4,34.2,41.2,4.6,10,77.1,63.3,20.5,15.2,20.9,76.1,21.8,52.1
KU402,Lapinlahti,5.125348189415042,612.5905292479109,176.04456824512536,30.3,13.9,2,48,79,5.9,18.6,54.1,44.6,74.5,23.8,71.8,22,28.2,38.4,5.3,12.2,73.3,59.7,27.1,12,15.9,76.8,17.3,47
KU403,Lappajärvi,16.851918250268913,650.7708856220868,429.1860882036572,38.1,13.4,5.1,51.4,106.4,5.7,15.7,54.4,38.9,81.2,16.1,71.7,23.4,28.3,33.5,2.6,7.2,73.8,60.1,25.2,13.1,18.4,86.2,26.7,50.8
KU405,Lappeenranta,17.71524086151148,602.4003945854113,41.938400833013645,25.2,12.9,6.3,44.7,61.4,6.1,12.4,90.5,50.4,58.1,39.3,76.2,32.4,23.8,40.3,5.7,12.4,69,75.3,22.1,1.6,7.8,107.5,10.2,41.7
KU408,Lapua,12.122076440387906,536.1523103251569,43.069024529378204,25.6,16.7,3,44.8,73.3,7.2,13.6,79.1,39.8,75.2,23.6,74.1,29.4,26,41.7,3.6,7.9,78,61.1,32.8,5.4,12.4,77,13.5,46.9
KU410,Laukaa,5.9162136232811005,477.6676260526596,89.11629890203602,21.7,21.3,1.4,42,75.4,8.2,11.5,73.8,35.4,78.4,19.1,76.5,29.4,23.5,40.2,5.2,11.5,77.4,70,26.2,2.8,11.4,70.1,10,42.8
KU416,Lemi,1.0482180293501049,550.6638714185884,482.18029350104825,26.9,16.6,1.2,46.5,77.2,8.7,15.3,54.6,38.8,82.4,15.3,74,26.7,26,41.3,5.2,11.1,77.3,69.8,22.6,6.2,13,40.6,14.4,48.3
KU417,Lemland,12.693935119887165,464.503996238834,464.97414198401503,19.7,20.8,9.2,41.4,68,9.4,7,33.7,27,87.3,9.9,76.4,34.1,23.6,48.6,1.3,2.6,86.4,77.4,17,2,11.9,35,12.3,50.2
KU418,Lempäälä,2.4685362793897454,467.6459876168508,44.31224960543887,17.5,20.5,1.7,39.9,61.3,9.3,6.5,89.9,34.7,74.1,22.2,79.4,39.8,20.6,46.4,3.8,7.6,82,74.8,23,1,10.9,68.8,7.2,42
KU420,Leppävirta,3.646811802409106,608.1334954138579,360.2608022985965,33.6,12.9,1.8,50.4,86.9,6.7,14.9,58.1,43.6,79.1,19.6,74.2,26.4,25.8,37.7,4.9,11.4,73.9,61.7,31.4,6,11.5,80.4,15.8,49.9
KU421,Lestijärvi,0.0,612.9032258064516,687.6832844574781,33.7,16,1.2,49.5,98.8,5.8,33.4,33.6,40,75.2,21,71,22.2,29,35.8,1.9,5.1,73.4,53.3,17.2,29.1,27.9,93,24.6,47.6
KU422,Lieksa,11.439186546734454,730.5436057880329,269.0653109112241,41.2,9.3,4.5,54.1,102.1,2.9,19.3,69.7,53.3,73.5,25,69.5,20.2,30.5,31.3,6.8,17.8,65.6,67.2,24.6,7,11.8,102.4,22.1,48.1
KU423,Lieto,3.4404225420361487,465.8622861850075,14.149343412317682,20.6,18.8,2.3,42.6,65,7.5,7,84.8,30.7,82.2,13,77.8,37.3,22.2,47.2,2.8,5.7,83.9,73.2,23.8,1.8,12.1,72,7,45.6
KU425,Liminka,2.730109204368175,365.54212168486737,12.675507020280811,11.4,29.5,0.6,33.8,69.2,11.8,4.4,81.6,25.7,84.9,14.2,77.5,34.5,22.5,41.9,3.3,7.4,81.6,71,24.7,3.4,10.7,58.3,6.9,38.7
KU426,Liperi,3.4255159161166344,529.618180299106,207.7867825215139,24,17.4,1.4,44.4,70.6,8.8,10.9,58.5,38.9,76.5,21.9,78.4,28.3,21.6,41.4,5.7,12,76,67.6,25,6.5,12.7,70.2,12.2,45
KU444,Lohja,7.6240552086756495,543.0167597765363,178.24515280972724,26.2,14.6,4.7,46.2,68.7,5.6,12.3,82.9,42.7,70,27.4,71.3,28.6,28.7,42.3,4.8,10.3,76.1,70.8,26.1,1.8,11.5,77.7,9.5,44.9
KU430,Loimaa,14.850843060959791,617.7042801556421,36.51102464332037,32.6,13,4.7,48.9,83.8,6,14.9,68.5,47.7,74.3,24,70.6,24.9,29.4,37.8,4.9,11.4,73.3,62,27.3,9.3,17.2,104.2,15.4,49.4
KU433,Loppi,3.3801352054082163,531.721268850754,442.27769110764433,27.4,15,2.4,46.9,73.4,6.1,14.4,56.1,37.9,83.7,14.7,71.7,24.4,28.3,43,3.1,6.7,79.9,68.8,24.9,5.2,15.4,56.5,12.7,47.6
KU434,Loviisa,10.236547240282198,618.7577811592198,222.99073177479596,31.1,12.9,4.5,49,78.5,6.1,17,74.6,45.5,71.6,26.9,69.2,26.4,30.8,40.4,5.3,11.5,75.6,66.8,27.5,4,14.8,80.5,16.7,48.3
KU435,Luhanka,5.698005698005698,723.6467236467237,1173.7891737891737,43.6,9,0.7,57.1,110.8,8.6,20.1,0,47.4,83.2,14.7,67.6,26.4,32.4,34.6,4.8,12.3,72.5,63,18.9,14.8,27.2,60.5,25.2,54.2
KU436,Lumijoki,29.021151008362025,434.82538121003444,114.6089522872602,19.8,23.8,4.2,38.8,77.1,8.5,10.9,66.8,33.1,79.3,19.6,70.3,21.9,29.8,38.7,4.3,10.1,77.4,60.4,24.9,13.7,15,62.8,12.2,40.8
KU438,Lumparland,16.393442622950822,532.7868852459017,1030.054644808743,29.5,12.8,11.5,49,73.5,8.3,8.3,0,33.9,82.4,11.5,69.9,32,30.1,47.3,0.8,1.7,85.6,79.2,12.7,3.5,10.4,65.9,15.4,50.8
KU440,Larsmo,11.12442238576074,360.60243025842885,379.25723087455077,14.3,29.4,3.1,34,77.6,20.7,6.7,90.6,20.4,85.9,12.5,74.1,25,25.9,43.7,1.4,3,85.1,52.3,45.2,1.8,8.5,45.8,11.6,36.7
KU441,Luumäki,9.781619654231118,666.9699727024567,741.5832575068245,36.4,11.2,3.2,52,90.7,7.3,15,62.3,47.3,75.1,23.5,69,23.5,31,37.1,4.7,11.2,74.4,65.6,21.6,12.1,16,70.2,19.6,52.3
KU475,Malax,10.263929618768328,550.5865102639295,365.1026392961877,29.5,15.8,4.8,46.8,82.7,10.4,13.2,72.1,37.8,81.5,16.5,74.2,30.2,25.8,44.6,2.2,4.7,85,63.7,27.7,7.6,13,69.6,15.2,49.6
KU478,Mariehamn,27.937690484253302,631.5611242803928,6.51879444632577,26.3,13.8,15.3,45.7,67,6.6,9.6,99.3,50.5,54.8,43.4,71.8,35.9,28.2,45.1,2.9,6.1,78.3,86.2,11.1,0.3,7.6,178.3,16.4,45.9
KU480,Marttila,6.217616580310881,594.300518134715,87.04663212435233,29,15.8,2.9,47.4,81.1,6.1,13.3,45.8,44.1,82,15.9,70.8,23.9,29.2,42.2,3.6,7.9,79.3,60.4,27.1,10.7,20.8,61.9,16.3,51.7
KU481,Masku,2.806944588834598,449.526977856326,93.77274144921509,19.6,18.7,1.8,42.5,62.1,7.4,7.9,82.3,26.1,91.5,7.4,78.3,34.9,21.7,48.4,2.8,5.5,85,70.7,26.4,2.1,12,51.8,7.5,49.3
KU483,Merijärvi,0.0,508.05687203791473,78.67298578199052,26.2,25.1,0.2,41.6,105.3,15.1,9.4,37,39.3,78.7,19.9,66.2,14.2,33.8,34.2,3.9,10.2,76.2,54.8,27.1,17.7,21.1,72.6,20.1,41.3
KU484,Merikarvia,12.474713418745786,626.0957518543493,566.756574511126,36.3,14.8,2.8,50.5,104.8,7.8,20.6,57.1,44.3,78.1,20,66.4,21.8,33.6,34.3,4.5,11.5,73.2,59.2,29.4,10.2,19.9,92.8,21.5,49.5
KU489,Miehikkälä,15.410958904109588,688.9269406392694,425.2283105022831,39.1,9.1,4.3,54.3,93.2,4,19.2,30.7,47.2,79.7,17.7,63.2,16.9,36.8,35.2,4.6,11.5,70.8,69.2,13.5,16.4,17.8,71.6,23.6,53
KU491,Mikkeli,10.458598971474798,622.4503553612357,193.1084959263468,28.5,13.3,3.7,46.7,71.8,6.5,13.9,81.5,49.3,64.1,34.2,76.4,32.3,23.6,40,5.4,12,72.9,76.3,19.4,3.2,9.7,102.9,14.2,44.5
KU494,Muhos,1.6993315962388127,477.5121785431064,62.648691514670894,19.9,22.1,1.1,40.5,72.3,9.4,10.3,80.1,37.4,78.5,19.9,76.5,27.5,23.5,38.9,4.7,10.7,74.1,73.4,20.1,5.6,10.2,72.7,12.1,42.4
KU495,Multia,5.594405594405594,725.1748251748252,440.5594405594406,39.4,12.3,2.4,52.6,107.2,6.2,23.4,50,47,79.2,18.3,70.5,20.7,29.5,33.2,5.5,14.1,70.8,57.5,25.9,15.2,20,109.7,29,48.5
KU498,Muonio,5.591397849462366,561.2903225806451,545.8064516129032,27.9,14.7,3.9,46.7,74,7.8,16.1,51.9,41.5,75,22.4,76.6,27.8,23.4,42.5,3.4,7.5,77,83.6,11.9,3.3,12.6,105.2,18.3,48.1
KU499,Korsholm,6.0213530334463385,474.9278955624146,205.23199919040633,23,18.9,2.6,43.1,71.9,9.3,9.7,81.2,29.9,85.5,13,79.4,39.5,20.6,47.2,2,4.1,86.8,68.7,26.8,3.5,10.1,57.6,10.2,46.9
KU500,Muurame,1.8955549237039144,460.4302909676808,68.33475499952611,20.1,20.5,1.2,41.6,68.2,8.5,7.2,89.5,31.5,77.8,17.1,80.8,40.2,19.2,43.8,4.6,9.5,80.6,73.4,24.4,1.2,10.7,61.7,8.1,43.1
KU503,Mynämäki,5.588822355289421,529.4743845642049,137.45841650033267,28.4,14.8,3,47.3,75.9,7.7,11.3,66.5,37.8,83.6,15.2,72.8,24.5,27.2,42.6,3.7,7.9,79.3,64.1,27.1,8,14.7,59.4,10,48.7
KU504,Myrskylä,2.3323615160349855,601.1661807580175,248.97959183673467,31.1,14,3.6,49,82.1,4,14.9,47,40.2,81.8,15.4,69.1,21.9,30.9,40.3,5.9,12.9,76,61.1,26.2,11.4,24.9,65.7,19.5,51.5
KU505,Mäntsälä,8.589015603378346,489.23987211910105,42.42019373001861,20.8,17.9,4,42.8,63.1,7.4,9.5,74.7,36.8,77.3,21.1,71.8,26.8,28.2,45.9,4,7.9,80.9,72.6,24,2.3,12.2,63.8,8.4,44.5
KU508,Mänttä-Vilppula,10.67845971308381,716.2118433825909,168.69809082083916,38.1,10.9,3.2,52.1,96,3.6,17.7,83.2,49.4,73.8,25.1,71,21.3,29,35.1,4.5,11.4,71.3,58.7,35.9,3.8,9.9,104.8,23.4,48
KU507,Mäntyharju,13.24130159177349,703.3384983800536,913.50894492182,39.6,10.2,3.5,53.5,99.5,4.9,18.6,58.2,50.3,73.9,24.3,66,21.1,34,34.6,4.8,12.2,71.7,59.5,27.9,10.5,19.1,95.3,22.1,50
KU529,Naantali,7.650382519125957,541.6270813540676,242.71213560678035,27.9,14.4,2.7,47.1,73.4,7.5,12,86.5,40.3,71,25,77.7,38,22.3,43.4,3.6,7.6,79.8,73.5,24,1.2,13.1,60.1,9.2,46.9
KU531,Nakkila,1.409585179218687,588.6024969794603,11.47805074506645,30.4,13.7,1.2,48.2,78.8,6.6,17.9,74.6,41.5,82.8,15.6,72.2,25.3,27.8,39.6,3.7,8.6,75.6,65.8,29.2,3.8,11.2,68.1,14.5,51.3
KU535,Nivala,4.974172565525158,500.2869714941649,19.99234742682227,24,21.3,1.2,41.5,82.8,9.9,10.4,66.1,41,76,22.1,72.9,19.7,27.1,37.8,4.4,10.4,75.8,55.5,32.6,11,15.3,94.3,13.2,44
KU536,Nokia,3.8432406654136395,523.4381574887087,43.25749712458271,21.3,17,2.3,42.6,62,7.9,10.3,91.9,42.7,69.7,28.1,76.3,31.7,23.7,44.9,4.9,9.8,78.7,70.9,27.3,0.8,8.9,77.1,7.7,40.8
KU538,Nousiainen,12.140575079872205,469.22257720979763,64.96272630457935,21.3,18.3,2.9,42.8,65.6,6.2,10.3,68.9,28.7,88.4,10.6,75.8,28,24.2,45.9,3.1,6.4,81.9,66.5,28.5,4.1,12.7,43.1,9.8,49.9
KU541,Nurmes,11.719605695509308,678.3132530120481,185.21358159912376,37.9,11.3,2.7,52,97,5.3,16.5,60.9,49.9,73.6,24.7,69.2,20.1,30.8,34.4,5.9,14.7,70.1,64.7,23.2,11.2,14,100.4,19.8,46.1
KU543,Nurmijärvi,5.582226191805292,481.1878977336161,13.620631908004912,18,18.8,5.7,41.2,58.3,9.4,6.9,89.4,36.1,73,24.7,73.4,32.6,26.6,47.8,4.1,7.9,81.6,75.5,22.5,0.8,11.2,57.2,8.4,42.6
KU545,Närpes,21.09967778817171,537.8858746492049,164.01621453071405,27.9,16,16.8,46.1,78.1,8.7,14,60.1,34.7,76.9,20.1,64.3,23.9,35.7,44.4,2.3,5,83.3,53,21.5,24.5,16.1,106.3,17.9,46.5
KU560,Orimattila,4.148318335567043,557.3425234539536,65.415789137788,26.8,15.5,2.6,46.3,73.3,7,12,68.1,43.1,75.8,22.6,70.8,22.6,29.2,40.9,5.5,11.9,75.7,66.2,26.7,5.9,15.7,70.9,11.8,48.2
KU561,Oripää,21.29277566539924,580.9885931558936,57.79467680608365,27.9,15.9,8,46.1,77.9,5.3,13.7,52.5,41.8,79,18.8,63.5,20,36.5,41.2,3.8,8.4,78.4,58.7,21.8,18.3,21.6,89.7,19.8,48.7
KU562,Orivesi,4.299128860730852,602.217445412377,427.42391673266206,32,13.7,1.6,48.9,84.2,6.3,18.1,72.3,43.8,76.8,21.5,73.2,27.1,26.8,38.8,4.6,10.5,76,69.7,22.8,6.3,14.5,68.9,16.7,47.3
KU563,Oulainen,7.308684436801376,582.5451418744626,41.98910862711379,29.7,16.1,1.6,46.1,84.5,8.9,13.4,75,45.8,74.5,24.5,72.4,23.3,27.6,36.2,4.7,11.5,72.9,65.8,28.1,5.5,11.4,101.5,16,45.9
KU564,Oulu,10.622784008050951,557.4026361277157,19.33067142517693,17.3,16.1,4.4,39.6,50.1,9,7.2,96.9,48.9,54.3,43.6,80.4,38.7,19.6,43.6,6.6,13.1,70.2,79.6,18.7,0.7,7,104.7,8.1,39.8
KU309,Outokumpu,17.319394601341862,634.420346387892,157.12279606802934,34.7,12.5,5.2,49.5,89.4,3.3,17.3,71.6,49.2,68.2,30.5,71.3,19.6,28.7,32.9,6.7,16.9,66.5,62.1,33.4,3.6,9.3,111.5,14.9,46.8
KU576,Padasjoki,8.804108584005869,700.6603081438004,1022.7439471753486,42.9,9.1,2.3,55.2,108.6,5.1,20.1,49.2,47,76.4,21,64.9,19.9,35.1,32.3,5.1,13.6,70.4,65,22.8,10.3,19.7,77.7,23.4,51
KU577,Paimio,12.014951940192239,510.41295834816657,21.448914204343183,23,18.6,3.8,43,71.3,8.8,9.4,80.6,38.1,76.8,22.1,76.4,33.5,23.6,44.5,2.8,5.8,81.4,72.3,24.1,2.9,10.8,63.7,10,45.8
KU578,Paltamo,8.231807704972011,690.8133026012513,409.94402370760616,36.7,11.6,1.4,52,93.3,3.6,22.2,59.2,47.9,72.5,24.8,70.8,20.8,29.2,34.7,4.2,10.9,70.7,70.2,21,7.5,12.4,76.9,23.4,47.6
KU445,Pargas,7.933862257483833,569.9046603106874,628.4418961264084,29.4,14.5,3.7,47.7,78.5,7.2,10.9,67.9,39,79.7,17.8,75.1,36,24.9,42.4,2.8,6.1,80.4,72.7,22.9,2.9,13.8,78.4,15.8,49.7
KU580,Parikkala,5.497022446174988,747.8240952817224,387.7691250572606,42.9,9.9,2,55.7,111.9,3.9,24.3,45.6,49,76.2,20.8,69,20.2,31,31.6,5.4,14.6,69.2,60.3,23.8,14.6,20.2,82.2,25.5,51.9
KU581,Parkano,6.206108116936142,644.2920137187654,192.06271435570798,35.3,12.8,2.5,49.9,92.6,6.5,18,68.7,45.8,74.9,23.6,69.6,19.9,30.4,36.3,3.8,9.5,74,60.9,31,7,16.1,105.5,19.8,49.4
KU599,Pedersöre,5.612472160356347,422.6280623608018,73.76391982182628,19.1,22.8,3.2,38.7,72,14.2,7.8,73.7,22.9,86.4,11.4,73.6,25.1,26.4,46.1,1.8,3.7,86.2,51.8,40.2,7.2,12.7,85.6,13.8,42.2
KU583,Pelkosenniemi,6.578947368421052,755.4824561403509,918.859649122807,38.9,8.3,1.5,53.9,89.6,0,17.2,36,44.3,72.9,23.9,76.8,26,23.2,40.8,3.1,7,76,85.2,9.9,4,14.8,109.7,31.9,47.5
KU854,Pello,9.837073470642483,681.5247463879496,375.03842606824475,43.7,9.7,2.3,55.2,114.3,3.7,17.5,54,43,79.8,17.6,71.6,21.9,28.4,32.3,4.2,11.4,69.6,70.8,18,8.4,15.2,99.5,24.3,51.4
KU584,Perho,1.939487975174554,497.2847168347556,109.38712179984485,26.2,24,0.8,41.4,100.9,8.4,13.8,31,34.8,78.3,17,63.4,14.6,36.6,33.4,4,10.6,75,53.9,28.1,17,22,94.5,21.8,41.3
KU592,Petäjävesi,1.6685205784204673,567.0189098998887,222.4694104560623,26.2,16.7,1.2,45.6,75.3,8.8,12.1,56.6,42.1,77.2,20.5,75.5,28.1,24.5,39.8,5.8,12.6,75.7,69.9,21.5,7.4,16.2,52.2,16.9,46.7
KU593,Pieksämäki,14.956011730205278,663.4604105571848,176.3049853372434,35.4,11.1,3.8,50.9,87,5.3,15.7,75.2,50.1,67.4,31.2,72.9,23.9,27.1,36.8,4.1,10,71.8,72.2,20.8,5.8,11.1,102.5,16.8,47.4
KU595,Pielavesi,3.682789098944267,640.0687453965136,331.45101890498404,40.1,11.7,1.1,52.7,107.6,3.9,20.2,43,47.3,78.7,19.1,67.9,17.6,32.1,32.2,4.1,11.2,70.8,59.2,20.1,19.7,22.3,82.8,18.8,51
KU598,Jakobstad,28.90885750962773,541.7715019255455,67.62516046213094,26,14.8,11.9,45.1,69,8.9,13.3,98.7,42.2,70.3,28.7,68.9,30.2,31.1,42.1,4,8.6,75.9,60.8,37.3,1,6.7,137.5,11.6,42
KU601,Pihtipudas,5.883926183471516,661.1393420700722,266.9162877774806,34.9,13.3,1,50.3,93,6.6,17.8,48.3,48.5,74.3,23.2,66.2,17,33.8,34.7,5.9,14.6,70.7,66.1,15.7,17.2,20,97.5,21.5,48.2
KU604,Pirkkala,4.382796320377595,489.33198478061934,21.143380051052354,18.3,18.8,2.5,40.9,59,8.9,8,97.9,37,69.7,24.8,81.3,43.8,18.7,47.8,4.1,7.9,81.8,76,22.5,0.3,8.9,99.9,6.8,40.3
KU607,Polvijärvi,1.968503937007874,655.757874015748,358.26771653543307,36.7,13.2,1.1,51.3,99.6,6.1,15.5,29.3,45.5,80.3,17.5,71.4,18.2,28.6,34.4,5.3,13.3,70.9,59.2,25.4,13.5,19.3,71.4,22.5,46.3
KU608,Pomarkku,1.029336078229542,642.3057128152342,461.6572310859496,34.3,13.1,1.4,49.9,90.1,8.2,21.9,62.8,42.7,80.3,17.3,65.3,20.2,34.7,36.2,4,9.9,73.6,64.4,27.2,7.3,15.2,71.7,22.2,50.7
KU609,Pori,10.143671937044257,620.9900608860974,61.93295309604601,27,13.3,4,45.8,67.5,7.1,14.5,94.2,50.7,63.5,35.4,75.3,29.6,24.7,40.3,6.1,13.1,71.5,73.5,24.1,1.3,8.7,103.3,13,44.7
KU611,Pornainen,1.6086869093102756,449.22581942489444,95.5157852402976,18.9,17.9,2.4,42.2,58.3,9,7.4,66.2,27.6,89.9,8.7,74.1,27.2,25.9,48.7,4.2,8,83.1,70.6,25.3,2.6,15,43.9,9.4,46.6
KU638,Porvoo,8.695821716157461,534.7735381855758,72.29620386437638,22.9,16,5.7,44.1,63.8,6.9,9.8,85.7,41.9,67.1,29.3,73.8,35.2,26.2,44.8,4.8,9.7,78.5,74.5,23.3,1,11.4,92.8,10.2,43
KU614,Posio,6.500171057133082,667.464933287718,903.8658912076634,43.4,7.6,2.3,56.7,104.1,3,20.6,41.6,43.7,76.7,19.8,67.4,18.8,32.6,32,5.7,15.2,66.3,68.2,15.1,15.6,20.6,89,23.2,51.7
KU615,Pudasjärvi,7.62133975130365,619.334135579623,504.7466238801979,34.9,14.5,2.4,49.6,97.9,6.9,18,50.9,46.3,71.5,25.3,68,17.1,32,30.4,6.9,18.6,63.8,68.1,19.6,11.1,15.1,102,20.8,44.5
KU616,Pukkila,5.053340819764178,568.2201010668164,131.38686131386862,24.4,14,3,46.9,62.4,5,12.8,39.9,41,81.7,16.3,72.7,20.3,27.3,45.8,5,9.8,78.7,66.4,23.6,8.8,21.6,59.9,15.3,50
KU619,Punkalaidun,4.150943396226415,675.4716981132075,185.66037735849056,37.7,11.3,2.2,52.3,96.2,4.1,19.5,41.2,48.6,79,18.3,68.7,21.5,31.3,35.2,3.2,8.3,73.4,54,22.9,21.3,27.7,77,22.3,53.7
KU620,Puolanka,6.35862653666808,738.448495125053,629.9279355659178,43,8.9,2.3,55.7,107.8,4.2,25.7,56.9,48.2,72.8,24.1,66.9,19.6,33.1,28.2,7.3,20.6,60,68.5,14.1,16.1,17.1,88.9,25.6,48.5
KU623,Puumala,10.436432637571158,738.1404174573055,1896.110056925996,46.9,6.3,2.4,57.6,113.6,5.7,18.5,50.3,48.2,79.1,17.6,70.3,25.9,29.7,34.2,3.8,10.1,72.9,65.1,16.4,17.5,24.2,76.8,26.7,54.9
KU624,Pyhtää,3.3563672260612045,545.3109575518263,381.4412635735439,27.6,15.6,2.8,47.1,76.1,8.6,13.4,75,36.7,86.7,11.6,74.1,29.5,25.9,41.1,5.1,11.1,76.7,67.9,27.8,2.8,12.5,47.2,14.5,50.3
KU625,Pyhäjoki,5.704697986577181,585.9060402684564,238.9261744966443,30.4,16.2,3.6,47.1,87.3,7,15.4,69.8,37.9,78.6,19.1,72.8,21.8,27.2,35.9,5.3,12.9,71.5,55.6,36.9,6.5,11,65.7,21.7,47.7
KU626,Pyhäjärvi,8.620689655172413,659.1673675357443,221.6148023549201,37.6,13.7,1.9,51.3,105.3,4.6,20,53.8,47.5,74.5,23.2,68.1,19.8,31.9,32.4,5,13.5,67.8,66.9,20,11.7,15.3,93.2,21.2,46.7
KU630,Pyhäntä,14.580801944106925,503.03766707168893,213.2442284325638,25.2,21.5,6.8,41.9,87.7,10.4,9.8,57.4,35.2,71,25.6,66,18.3,34,34.3,6,14.9,69.5,40.2,41.2,17.3,11,134.9,18,38.9
KU631,Pyhäranta,1.0362694300518134,569.4300518134716,486.0103626943005,30.6,14.7,2,48.4,82.9,6.2,16.4,42.1,38.5,89.8,8.7,71.7,23.7,28.3,42.1,3.4,7.5,80.6,51.5,43.5,4.1,14.2,47,14.9,51.6
KU635,Pälkäne,8.67918573457472,579.2961969386145,687.2337068013255,30.8,13.6,3.3,48.8,79.7,6,14.8,56.7,39.9,80.1,18,72.4,26.3,27.6,40.7,3.4,7.7,77.9,67.4,23.3,7.7,17.8,67.4,16.8,48.6
KU636,Pöytyä,8.979089790897909,550.0615006150061,119.55719557195573,26.8,16.9,4.6,45.7,77.5,7.6,10.1,53.7,40.2,81.5,16.6,67.8,21.4,32.2,40.4,4.4,9.8,76.5,61,27.4,10.5,18.7,72.5,15.4,48.4
KU678,Raahe,7.479934445518342,570.1979241080809,38.61831323276043,27.7,16.5,2.7,45.2,79.5,6.9,11.5,87.1,44,71.7,27.2,73.4,23.2,26.6,36.2,5.7,13.6,71,59.5,37.2,2.3,8,113.2,14.8,45.2
KU710,Raseborg,9.041126097982286,618.0675511779191,250.5788525855415,28.7,13.9,4.5,47.4,74.1,6.6,13.8,77.9,45.4,70.2,28.3,70.7,31,29.3,42.1,4.2,9,77.5,73,22.4,3.2,14,84.6,17.9,46.5
KU680,Raisio,16.225178634874265,547.31356835498,2.0133433342544707,23.7,15.3,7.6,44.6,64,8.2,9.9,99.4,42.3,70.4,24.2,74.4,31.6,25.6,45.4,4,8.1,78.4,72.6,25.7,0.4,8.7,99.9,9.9,43
KU681,Rantasalmi,18.501668183196845,656.0509554140127,662.117076129815,37.2,11.6,4.7,52.1,95.3,4.8,18.2,39.6,45.4,75.6,22.5,71.2,22.3,28.8,36.8,4.5,10.8,73.9,62.9,18.4,16.9,20.3,86.7,21.2,50.5
KU683,Ranua,8.057793831619895,565.1569880522367,466.5184773548208,32.6,16.8,1.5,47.6,97.4,6.9,14.7,48.7,43.2,73.3,23.1,68.1,18.7,31.9,34.2,3.8,9.9,72.4,68.3,17.1,13.2,17.5,93.3,19.6,43.8
KU684,Rauma,15.682941903584672,598.9905232797693,58.99773382777091,27.2,13.6,7.4,46.1,68.9,6.5,12.5,93.1,47.3,68.1,31,72.9,30.1,27.1,42.2,4.4,9.4,75.4,63.9,33.9,1,7.8,102,12.7,45.8
KU686,Rautalampi,14.319809069212411,684.2823048073645,555.4040231844529,36.9,10.9,2.9,52.1,91.6,4.7,17.6,48.6,47.7,74.4,22.8,70.2,22.6,29.8,34.7,4.7,12,70.6,63.9,20.1,14.5,20.5,81.9,21.7,50.6
KU687,Rautavaara,7.724719101123595,778.0898876404494,378.5112359550562,42.6,8.7,1.1,55.7,105.5,2.8,17.9,44.2,47.6,75.3,22.5,62.6,13.7,37.4,30.3,3.9,11.3,63.9,66,17.1,16.2,19,90.7,30.2,49.3
KU689,Rautjärvi,9.564643799472295,729.221635883905,410.94986807387863,42.1,8.9,3.5,55.4,104,3.9,21.9,50,49.2,78.3,19.9,67,17.9,33,30,7.8,20.6,64,63.4,28.2,7.1,15.1,87.4,22.3,50.2
KU691,Reisjärvi,1.924557351809084,527.7136258660508,157.04387990762126,29.1,18.4,0.8,45.6,90.3,10.3,14.9,44.9,39.7,77.2,20.2,67.3,19.7,32.7,37.5,2.8,6.9,77,57.1,22.1,19.6,21.6,89.6,16.1,45.7
KU694,Riihimäki,13.72748657093705,583.5410595793983,9.093143278446792,24.4,14.3,4.7,44.8,63.3,6.4,10.3,97.3,48.9,62.8,35.2,73.5,29.4,26.5,42.9,4.6,9.7,74.8,74.5,24.1,0.6,7.1,97.6,10.2,41
KU697,Ristijärvi,2.577319587628866,723.3676975945017,472.5085910652921,42.4,10.1,1.6,55.3,110.5,2.6,24.8,41.9,44.3,77.5,19.2,73.8,25.3,26.2,33.8,4.4,11.5,72.6,71.1,15.7,12.4,12.9,69.8,27.7,50.3
KU698,Rovaniemi,11.05903256440891,598.2140121925069,66.7830775357657,21,15.6,3.6,41.9,57.8,8.7,9.4,90.7,49.1,57.1,40.6,80.3,35.5,19.7,45,4.5,9.1,74.9,83.3,13.8,1.8,8.4,98.7,13.1,40.8
KU700,Ruokolahti,5.254308532997058,620.0084068936528,759.7730138713745,37.3,11.1,2.5,53.2,93.8,1.9,17.7,60.8,42.3,82.7,16.1,70.5,24.3,29.5,34.8,5.6,13.9,71.2,66,27.2,5.3,13.7,58.2,16.3,50.6
KU702,Ruovesi,13.82153249272551,701.7458777885548,637.0029097963143,39.9,10.8,2.6,53.5,102.7,5.6,15.3,49.8,47.9,74.8,22,69.6,22.6,30.4,34.3,4.6,11.8,72.7,60.3,27.4,9.8,19.7,94.3,24,49.7
KU704,Rusko,3.5736482287134868,431.3238036047234,25.947793660658796,20.9,19.7,1.9,42.5,68.3,7.2,6.7,81,23.5,91.4,7.6,78.1,33.9,21.9,47.7,2.3,4.6,86,69.6,26.4,3,12.7,65.4,5.1,48.5
KU707,Rääkkylä,8.412197686645635,798.6330178759201,580.9674027339643,47.2,6.7,2.7,58.5,116.6,1.6,24.9,25.3,48.5,78.4,19.4,71.3,17.9,28.7,29.8,7,19.1,64.2,61,17.7,19.1,20.7,75.8,28.9,53.9
KU729,Saarijärvi,3.730077992539844,635.5826833955012,203.11970159376062,35.9,12.3,1.3,51,93,4.9,16.8,57.3,47.8,74.1,24.2,69.9,21.9,30.1,33.2,6.8,17,68,65.4,23.5,10.1,16.9,91.1,17.6,49.1
KU732,Salla,13.456937799043063,688.6961722488038,424.04306220095697,41.6,7.7,3.2,55,96.9,4.5,18,48.2,47.2,73.2,23.4,70.6,19.6,29.4,35.7,5.3,12.8,70.8,74.1,12.1,13,12.9,93.1,23.6,49
KU734,Salo,14.383561643835616,582.3091976516635,125.30332681017612,29.4,12.9,6,47.9,73.4,5.6,12.6,75.9,46.1,72,26.5,70.4,27.3,29.6,40.6,4.9,10.8,75,68,26.7,4.2,13.4,88.9,11.5,47.3
KU736,Saltvik,14.517029592406477,522.0547180346175,362.92573981016193,26.7,16.3,8.5,46,75.6,10.6,12.8,50.4,39.2,81.3,15.5,68.4,23.7,31.6,45.5,1.8,3.9,83.4,69.9,20.1,6.9,12.6,56.3,12.6,51.3
KU790,Sastamala,4.592813098022539,594.5141399106953,158.62215607059323,31.7,13.1,2.4,48.9,81.1,6.1,15.1,67.5,44.4,76.4,22.1,71.8,24.8,28.2,38.8,3.8,9,74.8,65.3,27.5,5.8,15.5,86.1,14.5,48.9
KU738,Sauvo,34.29724277067922,555.1445864156019,460.99529253530596,27.1,15,6.1,47.1,72.7,7.8,12.2,44.7,36.6,83.4,14.8,71.8,28.9,28.2,42.8,3.4,7.3,79.1,65.8,22.7,10,17.4,57.7,15.9,51.6
KU739,Savitaipale,13.681592039800995,670.0870646766169,852.9228855721393,39.8,11,2.1,53.9,103.3,4.6,22.9,53.1,48.2,80.6,17.3,68.7,22.5,31.3,33.1,4.6,12.1,70.6,64.2,20.9,13.3,19.3,80.9,20.5,50.8
KU740,Savonlinna,7.5369782997833115,661.6838865684765,274.00056527337244,34.8,10.6,3,50.6,83.2,4.5,15.6,77.7,50.2,67.5,31.2,74.1,27,25.9,36.4,5.8,13.7,70.9,71.1,22.4,5.2,12.1,101.3,16.4,46.4
KU742,Savukoski,12.269938650306749,660.5316973415133,625.7668711656443,35.6,10.4,2.1,52.5,85.2,5.1,15.3,39.3,43.9,75.1,21.9,73.3,22.6,26.7,38.2,6.2,14,71.9,57.5,15.2,26.2,24.1,96,23.5,48.6
KU743,Seinäjoki,11.970979443772674,562.0767835550181,12.787182587666264,20.9,16.5,3.3,41.4,59.8,9.2,9.7,92,46.5,62.2,37.2,79.1,34.4,20.9,45.5,4.2,8.4,77.5,74.6,22,2.4,8.6,111.6,10.4,42.8
KU746,Sievi,10.184595798854232,452.3657967324422,63.441544663696156,20.5,22.8,3,39.9,76.4,9.5,11.6,54.2,35.8,77.6,21,67.8,18,32.2,36.9,4.8,11.6,74.4,50.1,34.8,14.3,16.9,115.9,14.4,41.4
KU747,Siikainen,0.0,706.9368667186282,758.3787996882307,40.6,10.7,1.2,54.2,105.3,3.1,14.7,29.8,45.6,81.5,15.7,65.8,17,34.2,34,4.5,11.7,72.7,47.7,32.8,17.4,23.4,79.8,26.2,51.5
KU748,Siikajoki,9.096547446764523,554.4759148232375,161.0502377506719,27.1,20.1,1.3,44.1,89.6,10.3,8.8,46.9,39.3,82.5,16.1,71.5,19.6,28.5,36.2,4.5,11.1,74.4,55.6,26.9,16.4,20.4,92.5,21.3,44.8
KU791,Siikalatva,4.258771040356926,661.3263029811397,168.72845264652202,32.7,14.2,1.5,49.2,88.6,8.2,19.1,47.2,45.1,78.6,18.1,70.2,16.8,29.8,36.1,5.3,12.7,71.9,57,19.5,22.1,24.4,91.5,24.9,48.2
KU749,Siilinjärvi,8.407703147017378,493.00140911225924,43.35368717707844,22.8,18.6,1.6,43.2,70.5,7.6,8.5,81.1,36.6,76.3,20.3,79.1,33.8,20.9,42.8,4.2,8.9,79,75,21,3,9,78.5,7.7,43.2
KU751,Simo,1.4144271570014144,602.5459688826026,371.64073550212163,36.3,12.4,0.7,51.2,95,4.9,13.3,54.1,38.1,85.5,12.6,72.5,23.5,27.5,34.7,4.8,12.1,72.4,64.3,30.1,4.1,13.5,58.8,18.7,50.6
KU753,Sipoo,9.47112192963045,495.9061739322859,96.39300730250055,18.5,17.1,5.1,42.4,55.4,7.7,8,85.3,35.8,72.2,23.2,75.2,37.4,24.8,49.3,3.7,7,82.1,77.9,19.8,1.3,13.9,62.2,10.1,45.5
KU755,Siuntio,6.820396232543033,502.27346541084773,130.39948035076324,21.4,16,6.1,44.4,59.7,6.1,8.6,51.6,31.3,83.6,14.7,73.6,37.5,26.4,47.9,3.7,7.1,81.4,75.5,20.7,2.5,14.1,43.6,13.1,51.4
KU758,Sodankylä,5.168594634506523,617.8931823775536,297.07112970711296,29.6,12.8,2.3,48.4,73.8,5.9,16,61.2,44.5,68.2,29.6,76.2,26.3,23.8,44,3.3,6.9,79.1,68.6,24.5,6.3,11.1,106.8,18.8,45
KU759,Soini,0.0,642.8190069407368,292.57875066737853,33.7,15.6,1.1,49.2,97.2,5.8,16.3,49.7,40.3,79,18.4,65.9,19.7,34.1,35.2,4.3,10.9,72.6,58.6,23.9,16.1,24.4,98,26.2,46.8
KU761,Somero,20.33293697978597,617.0035671819263,239.0011890606421,34.3,12.5,4.6,50.3,88.1,5.9,18.3,58.6,45.6,78.9,19,66.9,22.1,33.1,37.8,3.8,9.2,75.1,62.1,25.9,10.5,21.5,85.1,17.5,50.4
KU762,Sonkajärvi,6.323893318669233,646.1369260379433,239.75804234259004,37.7,11.3,1,52.4,96,4.7,18.6,44,44.9,73.1,24.3,70,17.9,30,34.2,5,12.8,69.9,59.4,22.5,17.1,18.3,84.8,18.8,48.6
KU765,Sotkamo,8.273311271169945,580.2024527934592,197.78080591785087,28.5,14.6,3.7,46.9,75.7,5,16,60.8,42.1,73.3,25.1,75.6,28.5,24.4,42.6,3,6.5,79.3,73.1,19.5,6.4,12.1,108,15.8,46.3
KU766,Sottunga,26.08695652173913,678.2608695652174,1034.7826086956522,32.2,18.3,30.4,49.1,101.8,8.8,8.8,0,54.1,68.9,21.3,75.5,38.3,24.5,39.1,0,0,75,75.6,4.4,15.6,17.8,57.8,21.8,51
KU768,Sulkava,10.97972972972973,709.4594594594595,900.3378378378378,42.7,9,3.5,55.1,107,5.1,19.8,42,46.4,76.9,20.7,67.4,22.6,32.6,32.7,4,10.8,69.9,64.6,18,15.5,24.4,87,24.9,51.8
KU771,Sund,8.040201005025127,592.964824120603,422.1105527638191,27.8,14.2,9.1,47,72.4,6,13,0,40.7,81.7,13.8,68.1,23.8,31.9,46,1.6,3.4,83.8,66.8,22.5,7.4,13.5,43.4,17.6,50.3
KU777,Suomussalmi,3.3463469046291134,673.1734523145566,302.4261015058561,41.6,9.5,2.1,54.9,104.2,3.7,19.8,63.2,46.9,73.6,24,72.4,19.1,27.6,32.2,5.4,14.2,68.1,66.7,22.8,9.6,11.6,88.9,19.7,48.6
KU778,Suonenjoki,13.714967203339297,634.3172331544424,140.13118664281455,33.8,12.9,3.1,50,87.8,5.5,18.3,71.8,48.4,70.2,28.7,72.3,22.5,27.7,36.4,4.4,10.8,72,66.1,25.7,7.1,12.9,93.5,15.8,46.3
KU781,Sysmä,7.437070938215103,742.8489702517163,1059.4965675057208,46.1,7.8,2.2,57.5,116.9,3.4,21.7,52.8,51.8,78.7,20,64.6,21.6,35.4,32,4.2,11.6,71.3,60.9,18.6,18.1,27.5,84.1,22.8,51.5
KU783,Säkylä,13.48596518739219,631.017719931002,173.12215775443,33.1,12.5,4.4,50.1,83.9,5,16.7,73.4,44.5,81.1,17.1,70.4,24.8,29.6,40.6,3,6.8,78.4,56.4,34.9,7.9,14.9,120.5,18,53.8
KU831,Taipalsaari,21.837837837837835,514.3783783783784,730.1621621621621,28.8,14.7,4.3,47.6,76.9,5,11.5,59.1,32.6,87.3,11,77.5,36.2,22.5,40.2,4.4,9.8,76.5,71.9,23.1,3.7,13.9,40.1,12,49.6
KU832,Taivalkoski,4.02036987402841,571.9646207451086,338.2471187349236,33.7,14.1,1.7,49.4,91.3,5.8,19.6,47,43.3,74.2,23.5,71.3,18.4,28.7,33.9,5.8,14.6,68,67.8,18,13.2,12.4,91.2,16.4,45.7
KU833,Taivassalo,14.07624633431085,600.5865102639297,1163.6363636363635,36,12.8,5.9,51.4,95.1,4.7,12.4,38.9,40.8,81.4,16.6,67.2,23,32.8,36.6,4.2,10.3,74.1,60.4,27.6,10.3,23.7,74.2,18.2,51.7
KU834,Tammela,7.3579739904175225,560.0616016427105,569.8151950718686,29.6,13.5,2.4,48.3,75.8,5.6,13.8,52.9,37.9,82.2,16.3,73.6,29.2,26.4,41.8,4,8.7,77.1,62.9,28.2,7.5,16.3,71.2,15.4,50.8
KU837,Tampere,14.969613801215448,613.4561850617525,14.734365810625368,18.9,12.6,6.8,41,46.1,8.2,9.2,98.6,54.7,44.8,52.2,80.1,39.6,19.9,45.7,6.3,12.1,69.7,81.7,16.7,0.3,7.6,118.6,7.9,37
KU844,Tervo,2.8328611898017,694.0509915014164,651.5580736543909,43.3,8.9,1.7,55.9,109.2,2.1,22.4,36,48.4,79.4,18.4,70.4,20.4,29.6,33.4,5.2,13.4,69.1,67.2,18.2,13.3,19.3,72.2,20.7,54.3
KU845,Tervola,2.82585658777817,649.9470151889791,166.0190745319675,31.8,15.2,2.3,48.4,88.7,9.5,17.9,35.4,48.1,75.1,22.3,73.7,21.5,26.3,38.1,4.4,10.3,75.7,61.1,27.5,10.6,14.8,93.4,22.4,47.3
KU846,Teuva,2.73224043715847,612.2320302648171,32.576712904581754,35.1,13.5,2.3,50.2,94.8,4.8,22.2,66.5,41.8,81.4,16.5,69.5,18,30.5,36.5,4.3,10.5,75.2,52.8,33.3,13,16.3,87.3,20.6,50.2
KU848,Tohmajärvi,6.886374815543531,677.816035415642,211.7560255779636,36.3,12.7,3,51.6,96,6.1,19.5,35.4,44.7,78.2,19.9,69.9,19.4,30.1,33.5,7.1,17.6,68.4,67.9,17.3,13.7,19.7,86,24.2,48.8
KU849,Toholampi,3.159003159003159,585.8195858195858,48.789048789048785,30.2,17.1,2,46.8,89.6,7.6,16.7,52.5,38.7,80.1,17.9,68.3,20,31.7,37.1,3.2,7.9,76.4,53.6,26.4,18.7,22.5,92,22.5,49.1
KU850,Toivakka,2.5337837837837838,540.5405405405405,373.7331081081081,29.9,17.5,1.5,46.9,90,6.7,14.7,43.2,40.9,84.1,14.6,73.4,27,26.6,38.3,3.7,8.8,77.7,65.5,28.7,4.7,14.6,60.4,14.4,46.5
KU851,Tornio,6.7561138072128655,564.8015986297459,61.13807212865163,26,16,3.2,44.6,72.4,7.7,12.1,87.6,43.5,68.8,29.7,76,27.2,24,41.3,4.2,9.2,76.2,61.5,33.2,2,9.7,102.1,13.6,45.6
KU853,Turku,18.93363320667978,633.4345571006078,12.582791299049356,20.5,12.2,9.4,41.9,48.6,7.5,10.5,99.1,56.3,44.6,52.7,77.3,36.4,22.7,44.7,6.1,12.1,69.2,81.3,16.9,0.4,7.9,121.3,10.3,38.4
KU857,Tuusniemi,3.8910505836575875,702.1184608733246,535.6679636835279,41.1,9.4,2.1,54.7,102,1.7,25.9,39.3,50.6,79.1,18.9,70.7,20.8,29.3,31,5,13.8,64,63.1,20.1,15.3,20.3,80.6,20.7,49.6
KU858,Tuusula,8.321641105036527,491.8718854322899,10.547196284290484,18.7,17.3,5.8,42.1,56.3,7.8,8,95.4,36.5,69.9,24.7,74.3,34.3,25.7,48.4,4.1,7.9,81.2,76.6,21.7,0.7,10.5,71.2,8.3,42.7
KU859,Tyrnävä,2.4521072796934864,402.60536398467434,41.53256704980843,15,28.4,0.8,35.8,76.6,11.6,8.6,70.9,29.1,84.6,13.4,74.4,24.2,25.6,38.9,4,9.4,78.3,68.8,23.7,6.7,12.1,51.8,11.2,38
KU886,Ulvila,6.782095268491183,533.9503710205059,31.99553179605841,27.7,16.2,1.9,46,78.2,6.8,13.4,85.5,38.2,81.4,17.4,76,29.2,24,41.7,3.5,7.8,79.3,65.9,30.5,2.6,10.7,74,11,48.4
KU887,Urjala,7.66199649737303,661.5586690017514,333.40630472854644,34.7,12.4,2.7,50.7,88.9,6.6,16.2,49.8,47.4,75.7,22.4,68.2,20.8,31.8,36.5,4.8,11.7,72,60.6,27.7,10.1,18.7,78.6,20.9,49.7
KU889,Utajärvi,14.452027298273785,618.627057406664,433.9622641509434,33.2,14.6,2.7,49,91.8,5.2,18.3,50.3,46,78.3,18.8,71.4,16.7,28.6,34.8,5.2,13,70.6,64.4,22.1,11.6,16.7,89.7,19.7,45.5
KU890,Utsjoki,7.023705004389815,682.1773485513608,897.2783143107989,32.4,11.3,4.3,49.2,77.7,6.9,17.2,28.9,50.9,63.5,30.1,69.6,27.6,30.4,41.6,3.8,8.3,77.1,75.1,7.4,8.9,20.9,93.9,25.2,48.6
KU892,Uurainen,7.192254495159059,461.13416320885204,190.0414937759336,21.4,24.1,1.2,40.9,83.4,13,9.7,46.6,33.6,82.7,15.6,74.2,25.9,25.8,38.6,5,11.4,77.4,65.7,27.4,5.4,14.7,52.9,12.6,42.1
KU893,Nykarleby,18.0,512.8000000000001,290.93333333333334,26.1,17.5,8.4,44.2,77.3,10.7,9.5,64.2,33.7,77.6,21,69,26.4,31,43.3,2.1,4.7,82.4,54.2,32.3,12.6,15.4,97.2,15.4,46.6
KU895,Uusikaupunki,13.455616548400053,624.3138304993975,276.743874682019,31.3,12.8,6.3,48.6,79,6.7,12.6,76.8,46.4,71.5,27.5,71.4,23.9,28.6,40,4.5,10.2,75.2,52.9,42.2,4.1,11.2,117.4,16.1,46.4
KU785,Vaala,11.201235998455001,741.5990730011588,641.5604480494399,39.6,10.8,2.5,53.4,101.3,4.2,22.2,43,50.1,77,20,70.6,19.8,29.4,32.1,5.9,15.6,66.1,66.3,15.8,16.4,19.1,95.2,26.5,51.3
KU905,Vaasa,24.91443819247056,608.6489935611114,28.87348454086664,20.6,14.1,8.5,41.6,53.3,7.4,10.3,98.4,50,54.5,44.2,77.9,37,22.1,45.5,4.1,8.2,73.6,72.8,25.8,0.5,5.9,124.7,13.4,40.9
KU908,Valkeakoski,15.608388904996616,560.500628201411,62.86846428916594,28.3,14.6,4.1,46.6,75.3,6.3,13.4,88.5,45.1,73.3,26.1,75.4,28.6,24.6,39.7,5.3,11.9,74.8,66.6,31.2,1.2,8.1,79.1,10,44.1
KU092,Vantaa,23.419535004021128,531.2859931378135,2.485420884809835,15.7,16.5,17.1,39.8,47.3,10.3,7.3,99.8,44.9,51.2,43.8,68.7,31.6,31.3,47.5,6.3,11.8,73.9,80.7,17.9,0.2,8.5,108.3,8.7,34.9
KU915,Varkaus,15.765194910528718,666.0414660110508,65.29122522431186,33.8,11.4,3.7,50.2,82.2,5.3,15.6,91.4,51.8,65.6,33.5,73,26.1,27,35.7,6.2,14.7,68.4,65.3,31.2,2.7,7.2,112.6,15.7,45.9
KU918,Vehmaa,19.599109131403118,599.5545657015591,373.2739420935412,30.6,13.9,4.8,48.5,80.3,6.3,13.4,47.1,43.8,79.6,18.6,70.7,20.7,29.3,41,4.3,9.5,76.7,58.3,29.2,11.4,18.7,71.8,16.3,51.8
KU921,Vesanto,12.137203166226913,701.8469656992085,387.8627968337731,43.5,8.5,2.2,55.7,108.7,3.2,25.3,40.5,48.9,76.5,21.3,63.9,17.8,36.1,32.2,4.2,11.4,68.7,64.2,15.7,19,19.8,79.5,22.3,54
KU922,Vesilahti,0.0,461.6245245021258,379.95077198478407,19.6,19,1.3,42.6,62.6,8.5,13.2,57.1,30.4,89.5,9.2,78.7,35.7,21.3,46.1,3.8,7.7,81.2,72,21.9,4.9,13.8,45.7,9.8,49.5
KU924,Veteli,5.449591280653951,602.1798365122615,128.7465940054496,32.9,14.1,2,48.6,88.7,7.1,16.3,56.1,38.1,79.7,18.4,71.1,22.7,28.9,39.7,3.3,7.8,79.6,56.9,25.7,15.7,20.9,84,22.4,49.6
KU925,Vieremä,8.562149394744612,581.9309123117803,147.0327723649247,28.8,14.3,3.8,47.7,75.6,7.3,14.1,39.3,42.1,73.1,24.5,73.2,21.2,26.8,42,4.3,9.2,77.8,48.7,29.4,20.7,20.9,136.1,15.2,47.5
KU927,Vihti,5.761688244073444,502.5511089514422,83.57918850439069,21.4,16.7,5.4,43.5,61.5,7.6,7.3,75.5,37.9,74.2,23.1,73.3,31.8,26.7,46.4,4.2,8.4,80.6,75.4,22.2,1.5,12.9,57.6,8.5,44.6
KU931,Viitasaari,9.188361408882084,675.0042538710226,364.6418240598945,39.2,11.1,2,52.6,101.3,6.8,16.9,57.8,48.5,72.7,25.1,69.8,20.7,30.2,34.4,5.2,13.1,71.3,70.1,20.4,8.5,13.6,103.2,19.9,48.1
KU934,Vimpeli,9.036144578313253,591.4909638554217,164.90963855421685,32.8,12.8,2.2,49.7,83.9,4.1,16.9,68.8,40.1,80.3,18.1,71.3,24,28.7,38.6,3.3,7.9,76.5,57.9,33.6,7.4,14.5,90.4,19.2,49.5
KU935,Virolahti,7.516228220020499,670.9941920054664,528.5275025623505,35.3,10.7,4.4,51.9,85,2,15.2,46.9,43.1,77.5,20.1,70.5,22.4,29.5,36.8,5.4,12.9,71.3,70.4,18.6,9.8,14.9,93.9,23.2,52.6
KU936,Virrat,8.44621513944223,661.5139442231076,445.0996015936255,38.5,11.6,2.9,52.5,100.4,5.1,20,52.7,47.5,75.4,23.1,70,22.9,30,35.5,4.1,10.3,75.2,59.6,26.6,12.3,18.4,100,20.7,49.5
KU941,Vårdö,21.231422505307854,541.4012738853503,1182.5902335456476,26.8,15.9,15.5,45.5,74.4,8.7,10.8,0,33,81,12.5,65.9,28,34.1,46.5,2.1,4.4,84.5,59.8,15.5,21.5,17.8,61.2,21.6,48.5
KU946,Vörå,22.41297091082499,575.2662533778413,408.36115085042127,28.1,17.3,5.3,45.6,83.1,8.1,13.5,51.1,36.3,80.9,16.6,72.6,28.8,27.4,42.9,2.4,5.4,83.2,59.2,29.1,10.6,17,84,21.4,48.5
KU976,Ylitornio,10.358565737051793,686.0557768924302,416.73306772908364,40.5,10.3,3.9,53.9,103.1,5.6,21.4,48.3,43.8,77.8,19,69.9,21.1,30.1,33.8,5.3,13.5,70.3,65.8,19.6,9.1,16.9,89.4,25.6,51.3
KU977,Ylivieska,5.4004814887110415,535.7537900969485,11.711887565879369,22.1,19.9,1.7,41,72.3,9.4,10.1,86.9,42.8,69.8,28.9,76.2,27.1,23.8,41.1,4.8,10.5,76.4,70.6,25.7,2.8,9.3,108.7,12.5,42.5
KU980,Ylöjärvi,1.6925498114440123,468.7175223446269,128.75256109510943,20,19.8,1.5,41.6,66.3,9.7,7.7,89.4,33.1,79.7,17,78.3,34.1,21.7,45.3,3.9,8,81.3,72.5,25.1,1.5,11.2,66.7,7.5,42.5
KU981,Ypäjä,2.2655188038060716,626.6425011327594,102.85455369279566,30.4,10.7,1.4,49.5,69.8,2.3,18.9,41.7,44.7,80.5,17,72.2,21.8,27.8,42.3,4.3,9.3,76.8,63.8,23.2,11.5,19.7,59.9,17.4,50.8
KU989,Ähtäri,12.227238525206923,636.0045146726862,243.03987960872837,35.6,12.3,2.3,50.4,92,4.1,20.1,58.4,45.5,77.1,21.3,71.8,22.7,28.2,34.8,5.6,13.8,71.4,66.8,22.2,9.8,14.8,97.9,19.9,49.3
KU992,Äänekoski,9.682265872795059,610.6504924600745,139.83640309387346,29.6,14.2,2.2,47.6,78,5.9,14.9,76.7,46.4,70.1,27.9,72.1,21.9,27.9,35.3,7.4,17.4,67.7,63.2,33.1,2.6,9,108,15.3,44.6
