"geo","n_transactions","median_price","detached_share_pct","semi_share_pct","terraced_share_pct","flat_share_pct","newbuild_share_pct"
"AMBER VALLEY","2426","226000","36.56224237427865","29.30750206100577","26.58697444352844","1.9373454245671888","18.920032976092333"
"NORTH TYNESIDE","3761","185000","13.693166710981123","28.848710449348577","31.53416644509439","20.606221749534697","9.093326243020472"
"ROTHER","1798","360000","37.152391546162406","18.74304783092325","12.847608453837598","23.526140155728587","4.171301446051168"
"GEDLING","2255","246200","40.04434589800444","32.63858093126386","16.496674057649667","7.982261640798226","14.634146341463415"
"EPPING FOREST","1997","505000","19.629444166249375","26.339509263895845","23.685528292438658","23.43515272909364","6.0590886329494245"
"HAVERING","3730","429000","9.115281501340483","35.951742627345844","30.3485254691689","20.857908847184987","1.769436997319035"
"WARWICK","2803","352500","26.864074206207636","27.827327863003923","22.226186229040312","18.301819479129502","15.804495183731715"
"BLACKPOOL","2814","125000","7.782515991471215","36.7093105899076","40.36958066808813","8.173418621179815","0.7107320540156361"
"CARDIFF","5345","260000","13.751169317118803","24.059869036482695","35.397567820392894","22.15154349859682","6.304957904583723"
"KINGSTON UPON THAMES","2291","525000","8.598865124399826","25.665648188563946","21.868179834133567","38.716717590571804","2.007856831078132"
"LICHFIELD","1974","300000","34.4984802431611","30.851063829787233","19.300911854103344","10.233029381965553","16.31205673758865"
"CRAWLEY","1401","340000","12.919343326195575","20.69950035688794","39.0435403283369","24.197002141327623","6.423982869379015"
"MERTHYR TYDFIL","746","130000","18.096514745308312","19.839142091152816","54.55764075067024","1.742627345844504","3.0831099195710454"
"ISLES OF SCILLY","26","351000","19.23076923076923","3.8461538461538463","19.23076923076923","30.76923076923077","0"
"MIDDLESBROUGH","2543","130000","18.993314982304366","35.23397561934723","37.12151002752654","4.758159653952025","12.033031852143138"
"TRAFFORD","3596","342745","13.459399332591769","37.37486095661846","23.692992213570633","20.745272525027808","5.923248053392658"
"STOCKPORT","4985","282000","18.67602808425276","37.512537612838514","24.834503510531594","13.70110330992979","5.857572718154463"
"CITY OF NOTTINGHAM","3825","185100","13.38562091503268","29.281045751633986","36.31372549019608","14.457516339869281","3.0326797385620914"
"ISLE OF ANGLESEY","968","224950","39.87603305785124","19.421487603305785","25.723140495867767","3.71900826446281","2.6859504132231407"
"CAMDEN","2824","792500","1.4164305949008498","2.868271954674221","10.871104815864022","74.6813031161473","8.427762039660056"
"CHESTERFIELD","1837","185000","25.748502994011975","42.133913990201414","18.94393032117583","7.621121393576483","13.282525857376157"
"WALTHAM FOREST","3316","500000","1.0253317249698433","7.720144752714114","43.12424607961399","42.882991556091675","4.734620024125452"
"ARUN","3145","340000","32.24165341812401","23.434022257551668","20.031796502384736","19.87281399046105","11.796502384737678"
"CITY OF LONDON","340","922500","0","0","1.1764705882352942","75","27.647058823529413"
"ENFIELD","3196","446750","4.9123904881101375","17.146433041301627","39.48685857321652","32.66583229036296","4.005006257822278"
"NORTHUMBERLAND","6571","195000","29.812813879166033","26.875665804291586","28.74752701263126","7.852686044742049","14.472683001065286"
"RICHMOND UPON THAMES","2987","688620","6.160026782725143","17.408771342484098","30.766655507197857","39.671911617007034","0.5691329092735186"
"KING'S LYNN AND WEST NORFOLK","2576","260000","43.32298136645963","25.65993788819876","17.46894409937888","5.318322981366459","5.046583850931677"
"SWANSEA","3609","188000","21.640343585480743","31.532280410085896","32.05874203380438","8.534220005541702","4.183984483236354"
"WOKINGHAM","2889","480000","36.033229491173415","26.65282104534441","17.583939079266184","16.683973693319487","14.57251644167532"
"KENSINGTON AND CHELSEA","2356","1200000","0.8488964346349746","1.061120543293718","15.365025466893039","72.02886247877758","2.67402376910017"
"EAST HERTFORDSHIRE","2534","450000","24.4672454617206","23.55958958168903","22.138910812943962","24.980268350434095","14.719810576164168"
"LIVERPOOL","7306","152450","5.160142348754448","20.134136326307146","43.56693128935122","24.363536819052833","8.226115521489186"
"EAST DEVON","2942","330000","35.520054384772266","22.02583276682529","21.719918422841605","14.208021753908906","13.800135961930659"
"WEST LANCASHIRE","2008","230000","30.627490039840637","35.1593625498008","21.862549800796813","6.175298804780876","11.205179282868526"
"ROCHFORD","1542","390000","32.94422827496757","41.69909208819715","9.14396887159533","11.997405966277562","13.878080415045396"
"KNOWSLEY","2241","183000","22.48995983935743","40.78536367692994","27.57697456492637","5.131637661758144","16.688978134761268"
"HERTSMERE","1365","515000","17.582417582417584","26.3003663003663","23.076923076923077","27.61904761904762","3.0036630036630036"
"TORRIDGE","1391","275000","38.10208483105679","16.175413371675052","27.246585190510423","6.398274622573688","14.665708123652049"
"HARROW","2381","510000","10.541789164216716","27.845443091138176","19.65560688786224","37.085258294834105","5.879882402351953"
"MONMOUTHSHIRE","1542","317885","39.81841763942931","26.134889753566796","19.779507133592737","6.549935149156939","12.645914396887159"
"NORTH HERTFORDSHIRE","2240","415000","23.705357142857142","24.6875","25.803571428571427","20.625","10.580357142857142"
"SOUTH DERBYSHIRE","2152","250000","41.72862453531599","31.412639405204462","17.75092936802974","4.739776951672862","19.470260223048328"
"SOUTHEND-ON-SEA","2857","318000","13.370668533426672","27.301365068253414","20.40602030101505","33.881694084704236","0.49002450122506125"
"BARNSLEY","4389","160000","23.125996810207337","35.56618819776715","33.31054910002278","4.351788562314878","11.209842788790157"
"BRECKLAND","2621","268000","45.745898512018314","25.02861503243037","18.73330789774895","3.9679511636779856","15.261350629530714"
"WREKIN","3168","220000","31.376262626262626","33.17550505050505","23.863636363636363","6.0606060606060606","16.91919191919192"
"SOLIHULL","3410","316000","22.991202346041057","33.401759530791786","19.882697947214076","20.381231671554254","5.483870967741935"
"CANTERBURY","2533","335000","29.13541255428346","27.911567311488355","19.068298460323728","16.26529806553494","8.88274772996447"
"WEST OXFORDSHIRE","1848","380000","31.493506493506494","27.38095238095238","22.186147186147185","12.445887445887445","9.956709956709958"
"NORWICH","2156","230000","9.786641929499073","17.207792207792206","40.58441558441559","27.64378478664193","2.6901669758812616"
"SOUTH KESTEVEN","2617","255000","41.61253343523118","27.397783721818875","21.054642720672526","5.464272067252579","10.202521971723348"
"DARLINGTON","2232","150547.5","21.50537634408602","34.274193548387096","33.64695340501792","6.317204301075269","13.306451612903226"
"BRENTWOOD","1347","485000","26.874536005939124","24.12769116555308","18.93095768374165","24.424647364513735","6.607275426874536"
"WANDSWORTH","5885","631600","0.9175870858113849","3.687340696686491","24.061172472387426","67.0858113848768","8.717077315208156"
"ADUR","984","362750","16.666666666666668","33.63821138211382","24.390243902439025","20.020325203252032","3.7601626016260163"
"BARKING AND DAGENHAM","1743","360000","0.9753298909925416","9.409064830751579","57.946069994262764","27.25186460126219","6.655192197360872"
"CHARNWOOD","2908","265000","32.32462173314993","34.80055020632737","22.730398899587346","5.330123796423659","11.691884456671252"
"GUILDFORD","2187","490000","28.486511202560585","32.327389117512574","15.775034293552812","16.826703246456333","6.538637402834934"
"WYCHAVON","2062","327000","40.494665373423864","26.624636275460716","18.186226964112514","6.838021338506304","8.292919495635305"
"ISLE OF WIGHT","2536","250000","29.652996845425868","24.40851735015773","16.246056782334385","18.84858044164038","0.8280757097791798"
"STOKE-ON-TRENT","4110","137000","14.574209245742093","35.523114355231144","37.54257907542579","5.62043795620438","7.177615571776156"
"NUNEATON AND BEDWORTH","2450","232250","27.551020408163264","37.714285714285715","25.183673469387756","6.530612244897959","19.836734693877553"
"WATFORD","1426","407000","8.835904628330995","17.391304347826086","27.629733520336607","41.725105189340816","16.830294530154276"
"BOLSOVER","1634","175000","29.804161566707467","38.555691554467565","26.56058751529988","0.9791921664626683","18.727050183598532"
"EASTBOURNE","1858","275000","14.047362755651237","14.747039827771797","25.88805166846071","38.32077502691066","2.3681377825618943"
"HARINGEY","2855","535000","1.5761821366024518","4.588441330998249","31.558669001751312","54.81611208406305","5.008756567425569"
"MERTON","2800","520000","3.5714285714285716","10.892857142857142","39.964285714285715","40.92857142857143","2.2142857142857144"
"CAERPHILLY","2503","180000","16.540151817818618","34.71833799440671","40.83100279664403","2.397123451857771","6.272473032361167"
"CITY OF WESTMINSTER","3474","975000","0.7196315486470927","0.8923431203223949","9.844559585492227","74.64018422567645","4.89349453080023"
"MANCHESTER","7233","250000","3.2351721277478225","22.438822065532975","27.37453338863542","41.91898244158717","18.125259228535878"
"BASILDON","2602","345000","19.40814757878555","24.36587240584166","35.93389700230592","16.06456571867794","3.2282859338970025"
"HEREFORDSHIRE","3114","300000","39.884393063583815","25.27296082209377","17.662170841361593","6.422607578676943","7.578676942838793"
"TANDRIDGE","1396","465000","27.22063037249284","24.355300859598852","13.46704871060172","22.636103151862464","2.650429799426934"
"NORTH EAST DERBYSHIRE","1812","235000","37.74834437086093","38.30022075055188","16.11479028697572","3.2008830022075054","18.15673289183223"
"NORTH WARWICKSHIRE","879","259000","31.28555176336746","32.195676905574516","24.914675767918087","6.0295790671217295","8.304891922639364"
"HARTLEPOOL","2060","124997.5","22.184466019417474","25.533980582524272","44.85436893203884","3.495145631067961","13.83495145631068"
"CHERWELL","2594","345000","30.377794911333847","28.874325366229762","24.94217424826523","10.40863531225906","13.723978411719353"
"BURY","3013","226000","17.158977763026883","33.48821772319947","34.948556256223036","8.230999004314636","3.9495519415864586"
"THANET","2477","277000","15.946709729511506","24.545821558336698","26.12030682276948","26.039563988696003","5.369398465886152"
"PEMBROKESHIRE","1899","225000","38.23064770932069","23.06477093206951","22.22222222222222","6.845708267509216","3.949447077409163"
"WAVERLEY","2175","535000","34.298850574712645","23.35632183908046","16.45977011494253","18.804597701149426","10.666666666666666"
"MOLE VALLEY","1369","560000","32.2863403944485","24.324324324324323","13.367421475529584","22.571219868517165","2.7027027027027026"
"HARLOW","1257","320000","10.898965791567223","11.774065234685759","47.175815433572","26.809864757358792","11.137629276054097"
"GREAT YARMOUTH","1816","205000","27.09251101321586","23.12775330396476","34.030837004405285","4.07488986784141","7.929515418502203"
"CITY OF PETERBOROUGH","3113","240000","30.356569225827176","29.103758432380342","26.469643430774173","8.898168968840347","13.941535496305814"
"DENBIGHSHIRE","1508","187250","39.05835543766578","30.83554376657825","16.379310344827587","5.172413793103448","7.427055702917772"
"BASSETLAW","2354","192000","37.170773152081566","35.853865760407814","16.69498725573492","5.6499575191163975","21.197960917587086"
"MANSFIELD","1818","180000","32.06820682068207","39.713971397139716","20.627062706270628","4.070407040704071","9.625962596259626"
"MID DEVON","1390","291625","36.2589928057554","23.741007194244606","24.820143884892087","7.0503597122302155","16.258992805755394"
"WALSALL","3269","205000","18.323646375038237","38.97216274089936","27.31722239216886","10.186601407158152","5.506271030896299"
"WYRE","2276","187000","29.569420035149385","39.32337434094903","19.15641476274165","7.996485061511423","13.312829525483304"
"EPSOM AND EWELL","1087","525000","21.71113155473781","31.002759889604416","15.271389144434222","28.334866605335787","1.0119595216191353"
"WEST NORTHAMPTONSHIRE","7254","290000","31.94099807003033","29.721532947339398","26.054590570719604","7.857733664185277","13.771712158808933"
"SOMERSET","9957","275000","29.46670683940946","26.413578387064376","26.041980516219745","10.806467811589837","8.81791704328613"
"EAST HAMPSHIRE","2031","425000","36.779911373707534","22.648941408173314","20.33481043820778","13.884785819793205","10.142786804529788"
"FOLKESTONE AND HYTHE","1998","303940","21.72172172172172","23.873873873873872","24.074074074074073","22.772772772772772","10.21021021021021"
"READING","2571","340000","9.879424348502528","20.692337611824193","31.077401789187086","33.877868533644495","2.4893037728510308"
"CITY OF BRISTOL","7027","333500","4.055784829941653","19.012380816849294","38.38053223281628","32.73089511882738","3.5577059911768893"
"LEWISHAM","3607","450000","1.6634322151372332","8.511228167452176","30.91211533130025","53.812032159689494","2.800110895481009"
"SOUTHWARK","3716","555000","1.2109795479009688","4.144241119483316","17.65339074273412","71.79763186221744","8.153928955866522"
"EALING","4086","500000","3.206069505628977","14.733235438081254","25.721977484092022","50.09789525208027","12.090063631913852"
"NORTH WEST LEICESTERSHIRE","2083","265000","46.13538166106577","29.188670187229956","17.95487277964474","2.2083533365338455","19.9711953912626"
"SWALE","2511","300000","23.536439665471924","30.46594982078853","32.0589406610912","8.363201911589009","12.027080844285145"
"LANCASTER","2363","190000","17.774016081252643","34.82860770207363","29.750317393144307","12.187896741430386","6.686415573423614"
"LEICESTER","2986","230250","10.683188211654388","31.480241125251172","39.484259879437374","11.821835231078365","1.707970529135968"
"BABERGH","1627","325000","38.47572218807621","27.96558082360172","22.618315918869083","4.1180086047941","16.4720344191764"
"TOWER HAMLETS","3758","503753.5","0.15965939329430548","0.3991484832357637","6.732304417243214","87.97232570516232","23.390101117615753"
"SOUTH TYNESIDE","2218","142250","9.107303877366997","32.14607754733995","33.63390441839495","16.591523895401263","4.283137962128043"
"HILLINGDON","3189","480000","11.414236437754782","31.89087488240828","24.239573534023204","26.183756663530886","2.132329883976168"
"CAMBRIDGE","1471","495000","11.556764106050306","21.074099252209383","35.010197144799456","27.804214819850444","3.1271244051665534"
"ASHFORD","2095","335000","32.315035799522676","25.48926014319809","24.439140811455847","12.171837708830548","12.267303102625299"
"IPSWICH","2031","232000","13.293943870014772","37.813884785819795","26.93254554406696","18.21762678483506","3.8404726735598227"
"BRACKNELL FOREST","2047","400000","22.178798241328774","20.81094284318515","30.434782608695652","23.106985832926235","13.48314606741573"
"WREXHAM","1779","190000","31.534569983136592","31.815626756604836","23.102866779089375","6.745362563237774","6.520517144463182"
"CITY OF PLYMOUTH","4294","215000","9.92081974848626","25.966464834653003","41.5929203539823","18.770377270610155","1.3507219375873312"
"CHICHESTER","2110","405000","34.92890995260664","22.89099526066351","19.66824644549763","14.881516587677725","11.563981042654028"
"WYRE FOREST","1678","240250","28.90345649582837","33.13468414779499","23.65911799761621","8.045292014302742","13.468414779499405"
"LUTON","2267","300000","12.615791795324217","38.95015438906043","26.643140714600793","16.144684605205118","3.3083370092633437"
"PRESTON","2880","185000","27.46527777777778","27.604166666666668","29.0625","9.86111111111111","21.354166666666668"
"SPELTHORNE","1670","432250","13.47305389221557","29.461077844311376","19.40119760479042","33.59281437125748","11.077844311377245"
"BUCKINGHAMSHIRE","8398","444250","30.423910454870207","27.268397237437487","18.14717789949988","18.040009526077636","8.75208382948321"
"TEWKESBURY","2051","325000","37.78644563627499","31.643100926377375","18.576304241833252","6.43588493417845","24.524622135543638"
"HAMMERSMITH AND FULHAM","2985","800000","0.4020100502512563","1.9765494137353434","23.182579564489114","68.8107202680067","15.879396984924623"
"CROYDON","4913","400000","10.014247913698352","18.420516995725627","30.083452065947487","36.148992468959904","1.8522287807856708"
"REDBRIDGE","2747","475000","3.89515835456862","17.76483436476156","39.934473971605385","33.49108117946851","2.3662176920276665"
"ELMBRIDGE","2377","630000","28.018510727808163","20.27766091712242","18.09002944888515","29.364745477492637","8.371897349600337"
"BARNET","4528","542500","7.508833922261484","23.233215547703182","15.901060070671377","48.34363957597173","9.849823321554771"
"EAST SUFFOLK","4359","280000","36.086258316127555","26.24455150263822","24.38632713925212","7.3411332874512505","9.956412021105757"
"LEWES","1678","385000","31.58522050059595","25.506555423122766","18.772348033373063","18.891537544696067","7.032181168057211"
"NEW FOREST","2836","375000","41.11424541607899","19.076163610719323","17.454160789844853","15.973201692524682","1.0578279266572637"
"CHORLEY","1974","200000","28.72340425531915","28.824721377912866","30.040526849037487","6.12968591691996","5.167173252279635"
"MID SUFFOLK","2230","315000","46.18834080717489","26.50224215246637","17.130044843049326","3.2286995515695067","27.219730941704036"
"WEST BERKSHIRE","2513","390000","29.526462395543174","26.900119379228013","20.01591723040191","17.4691603660963","8.117787504974135"
"DONCASTER","5224","160000","22.722052067381316","42.11332312404288","25.459418070444105","4.632465543644717","9.53292496171516"
"SOUTH HAMS","2007","380000","34.130543099152966","20.029895366218238","23.766816143497756","11.908320876930743","13.552566018933732"
"SOUTH RIBBLE","2238","200000","28.68632707774799","42.22520107238606","20.91152815013405","4.378909740840036","14.5218945487042"
"COLCHESTER","3062","315000","30.633572828216852","27.43305029392554","20.901371652514698","17.472240365774002","9.111691704768125"
"TAMWORTH","1312","237997.5","25.38109756097561","33.46036585365854","27.74390243902439","9.070121951219512","11.509146341463415"
"WORCESTER","1662","250000","22.081829121540313","30.385078219013238","27.557160048134776","15.52346570397112","0.9626955475330926"
"RUGBY","2262","287000","33.15649867374005","31.38815207780725","22.546419098143236","8.576480990274094","21.927497789566754"
"BLACKBURN WITH DARWEN","2584","159975","21.207430340557277","23.722910216718265","45.588235294117645","3.2120743034055725","14.705882352941176"
"GRAVESHAM","1314","333000","13.318112633181126","27.701674277016743","34.09436834094368","19.025875190258752","8.447488584474886"
"WESTMORLAND AND FURNESS","4361","230000","24.604448520981425","26.14079339601009","32.882366429717955","8.484292593441872","8.277917908736528"
"ASHFIELD","2329","187500","33.061399742378704","37.269214255045085","24.474023185916703","1.8892228424216402","10.43366251610133"
"MALVERN HILLS","1478","319750","42.55751014884979","29.49932341001353","13.599458728010825","7.848443843031123","21.447902571041947"
"CASTLE POINT","1374","355000","38.500727802037844","38.8646288209607","9.67976710334789","9.243085880640466","2.2561863173216885"
"EREWASH","1816","205000","22.90748898678414","43.61233480176212","24.504405286343612","3.5242290748898677","0.5506607929515418"
"DORSET","6901","340000","35.38617591653384","19.83770468048109","22.547456890305753","15.229676858426314","8.984205187653963"
"KIRKLEES","6622","198000","21.096345514950166","33.58501963153126","34.34007852612504","5.436424041075204","8.275445484747811"
"OLDHAM","3106","182117.5","12.524146812620733","31.101094655505474","43.689632968448166","5.022537025112685","4.024468770122344"
"HYNDBURN","1416","128000","12.288135593220339","23.516949152542374","56.355932203389834","1.271186440677966","2.9661016949152543"
"REDCAR AND CLEVELAND","2308","152525","19.584055459272097","42.287694974003465","29.636048526863085","3.5961871750433274","8.015597920277296"
"CITY OF DERBY","3966","200000","22.138174483106404","34.61926374180535","25.56732223903177","13.84266263237519","15.002521432173474"
"RIBBLE VALLEY","1258","265000","34.41971383147854","26.232114467408586","28.298887122416534","4.451510333863275","16.136724960254373"
"CHELMSFORD","2848","385750","26.790730337078653","25.948033707865168","19.698033707865168","23.174157303370787","11.235955056179776"
"RUNNYMEDE","1507","425000","21.8978102189781","24.220305242203054","14.465826144658262","34.97013934970139","18.181818181818183"
"GATESHEAD","3259","153750","14.022706351641608","31.91162933415158","32.55599877262964","16.078551702976373","7.947223074562749"
"BURNLEY","1962","110000","13.761467889908257","21.202854230377167","53.41488277268094","5.9123343527013255","7.2884811416921504"
"BRAINTREE","2663","340000","32.40705970709726","27.600450619601954","21.517085993240705","13.36838152459632","15.020653398422832"
"NEWHAM","2670","435000","0.41198501872659177","2.4719101123595504","37.940074906367045","54.00749063670412","16.06741573033708"
"ST ALBANS","2225","605000","22.292134831460675","23.46067415730337","23.235955056179776","26.337078651685392","5.213483146067416"
"ROCHDALE","3158","185500","17.701076630778974","31.855604813172896","37.935402153261556","4.939835338822039","6.36478784040532"
"HORSHAM","2404","435000","32.77870216306157","24.334442595673877","18.84359400998336","18.469217970049918","5.990016638935108"
"MALDON","1103","375000","43.51767905711695","29.82774252039891","14.324569356300998","6.43699002719855","14.14324569356301"
"ROTHERHAM","4270","180000","24.519906323185012","43.723653395784545","21.194379391100703","5.901639344262295","14.168618266978923"
"ROSSENDALE","1259","175000","16.679904686258936","22.1604447974583","49.80142970611597","4.527402700555997","5.242255758538523"
"BIRMINGHAM","12537","225000","9.013320571109515","30.677195501316103","33.90763340512084","20.98588178990189","7.05112865916886"
"BROMLEY","4909","482500","15.359543695253615","25.56528824607863","22.733754328783867","32.104298227744955","3.3000611122428194"
"NEWPORT","2512","222000","22.014331210191084","29.538216560509554","32.76273885350319","10.628980891719745","13.773885350318471"
"VALE OF WHITE HORSE","2626","392750","37.09063214013709","28.14166031987814","16.984006092916985","13.175932977913176","20.6016755521706"
"NORTH LINCOLNSHIRE","2723","170000","36.981270657363204","39.29489533602644","16.195372750642672","2.2034520749173705","7.565185457216305"
"NORTH SOMERSET","4116","310000","30.12633624878523","27.235179786200195","17.71137026239067","19.897959183673468","10.44703595724004"
"CEREDIGION","1044","238250","39.17624521072797","21.64750957854406","22.03065134099617","4.406130268199234","2.2988505747126435"
"HART","1556","465000","33.354755784061695","23.26478149100257","20.822622107969153","18.830334190231362","7.969151670951157"
"MAIDSTONE","2827","345000","21.96674920410329","29.359745313052706","24.65511142553944","17.262115316590023","8.807923593915811"
"BOURNEMOUTH, CHRISTCHURCH AND POOLE","6847","321500","32.72966262596758","14.108368628596466","11.08514677961151","36.77523002774938","3.344530451292537"
"NEWCASTLE UPON TYNE","4601","190000","14.953271028037383","26.97239730493371","29.602260378178656","22.60378178656814","14.322973266681156"
"SLOUGH","1464","365000","8.19672131147541","20.42349726775956","29.439890710382514","37.90983606557377","11.953551912568306"
"STROUD","2112","340000","34.46969696969697","27.46212121212121","21.401515151515152","8.806818181818182","10.606060606060606"
"THURROCK","2155","345000","10.440835266821345","29.698375870069604","34.94199535962877","20.88167053364269","2.0417633410672855"
"PORTSMOUTH","2887","250000","3.4638032559750607","10.28749567024593","54.97055767232421","26.082438517492207","0.31174229303775547"
"HUNTINGDONSHIRE","3281","320000","38.646754038402925","27.095397744590063","20.207253886010363","9.052118256629077","15.422127400182871"
"MID SUSSEX","2743","425000","28.83703973751367","27.597520962449874","18.77506379876048","18.73860736419978","11.994166970470287"
"HARBOROUGH","1917","339950","50.02608242044862","24.413145539906104","16.327595200834637","5.425143453312468","20.083463745435576"
"BRADFORD","8097","165000","13.498826725947882","33.518587131036185","35.309373842163765","12.572557737433618","7.150796591330122"
"SALFORD","4645","214000","7.255113024757804","26.157158234660926","26.544671689989237","34.48869752421959","17.416576964477933"
"TEST VALLEY","1996","359975","32.21442885771543","24.09819639278557","23.897795591182366","13.376753507014028","5.761523046092185"
"WORTHING","1958","347061","18.590398365679263","22.57405515832482","18.692543411644536","34.93360572012257","3.0132788559754853"
"ST HELENS","2860","175000","16.293706293706293","40.94405594405595","33.35664335664335","4.125874125874126","8.111888111888112"
"UTTLESFORD","1693","455000","44.418192557590075","21.559362079149437","17.365623154164204","8.32841110454814","22.563496751329"
"BATH AND NORTH EAST SOMERSET","2992","393000","19.385026737967916","23.02807486631016","30.18048128342246","21.08957219251337","5.247326203208556"
"TONBRIDGE AND MALLING","2172","404900","24.263351749539595","30.80110497237569","25.87476979742173","13.950276243093922","10.267034990791897"
"WELWYN HATFIELD","1392","425000","18.96551724137931","21.910919540229884","29.74137931034483","23.132183908045977","8.333333333333334"
"HAVANT","1878","322500","27.050053248136315","30.244941427050055","24.494142705005324","14.48349307774228","6.8690095846645365"
"GLOUCESTER","2198","250000","17.97088262056415","34.34940855323021","29.435850773430392","13.284804367606915","5.7779799818016375"
"DACORUM","2118","443750","20.018885741265343","21.29367327667611","32.625118035882906","20.96317280453258","2.691218130311615"
"WAKEFIELD","5591","190000","21.588266857449472","39.65301377213379","28.84993739939188","5.13324986585584","9.533178322303703"
"REIGATE AND BANSTEAD","2385","474950","24.31865828092243","25.366876310272538","16.89727463312369","28.51153039832285","4.737945492662474"
"BROADLAND","2541","299246","41.95198740653286","36.16686343959071","14.285714285714286","3.3451397087760726","18.693427784336876"
"CORNWALL","9853","285000","33.76636557393687","20.186745153760278","26.327007002943265","9.905612503805948","6.272201359991881"
"SOUTH NORFOLK","2592","300000","46.95216049382716","26.003086419753085","16.512345679012345","5.054012345679013","16.743827160493826"
"SURREY HEATH","1374","465000","36.754002911208154","23.799126637554586","15.720524017467248","20.815138282387192","5.385735080058224"
"WEST LINDSEY","1804","219497.5","46.45232815964523","24.83370288248337","20.84257206208426","1.7738359201773837","18.957871396895786"
"HOUNSLOW","2735","468000","2.5228519195612433","20.987202925045704","25.447897623400365","44.89945155393053","8.775137111517367"
"NORTH DEVON","1772","289975","35.8352144469526","17.720090293453726","25.28216704288939","11.343115124153499","5.417607223476298"
"TORBAY","2396","245000","20.325542570951587","22.245409015025043","27.54590984974958","24.040066777963272","3.4641068447412353"
"HINCKLEY AND BOSWORTH","2100","259975","35.57142857142857","37.42857142857143","17.333333333333332","5.428571428571429","13.19047619047619"
"SOUTH STAFFORDSHIRE","1512","275000","34.523809523809526","37.1031746031746","16.46825396825397","6.283068783068783","3.9682539682539684"
"BEXLEY","3217","415000","5.502020516008704","35.778675784892755","30.58750388560771","23.842088902704383","2.735467827168169"
"STEVENAGE","1059","330000","10.103871576959396","18.602455146364495","47.780925401322","18.319169027384326","8.215297450424929"
"NORTH NORTHAMPTONSHIRE","6372","255000","32.015065913371","33.34902699309479","24.356559949780287","5.869428750784683","17.812303829252983"
"DERBYSHIRE DALES","1203","315000","38.90274314214464","25.18703241895262","20.947630922693268","4.405652535328346","5.15378221113882"
"PENDLE","1581","132000","12.460468058191019","19.41808981657179","60.215053763440864","2.5932953826691967","4.87033523086654"
"HASTINGS","1638","268750","15.934065934065934","17.94871794871795","27.106227106227106","33.02808302808303","5.311355311355311"
"SHEFFIELD","7917","203024","14.576228369331817","32.51231527093596","30.188202601995705","16.268788682581786","6.391309839585702"
"DOVER","2191","285000","20.67549064354176","29.529895025102693","31.446827932450937","11.958010041077134","15.015974440894569"
"BROXTOWE","1867","240000","33.26191751472951","36.63631494376004","18.47884306373862","7.445099089448313","10.819496518478843"
"SEFTON","4822","208000","17.523849025300706","40.315221899626714","21.33969307341352","14.724180837826628","11.862297801742017"
"SANDWELL","3356","200000","10.458879618593564","40.01787842669845","31.108462455303933","12.991656734207389","2.592371871275328"
"BASINGSTOKE AND DEANE","2882","365000","29.701596113809853","21.26995142262318","29.424011103400417","15.232477446217905","8.570437196391396"
"COTSWOLD","1592","450000","34.233668341708544","21.984924623115578","21.92211055276382","11.180904522613066","7.160804020100502"
"CHESHIRE EAST","7956","285000","32.81799899446958","28.758169934640524","24.283559577677224","8.62242332830568","12.908496732026144"
"TAMESIDE","3562","200000","11.538461538461538","34.362717574396406","41.128579449747335","7.1869736103312745","5.951712521055587"
"NORTH KESTEVEN","2112","231000","49.43181818181818","29.59280303030303","13.636363636363637","1.9886363636363635","15.340909090909092"
"SWINDON","3972","272000","19.46122860020141","27.416918429003022","34.919436052366564","13.947633434038268","12.386706948640484"
"BOSTON","1144","192000","47.72727272727273","26.223776223776223","16.695804195804197","3.3216783216783217","12.237762237762238"
"CALDERDALE","3409","173000","11.381636843649163","24.728659430918157","47.37459665591082","10.824288647697271","3.3734232912877675"
"STAFFORDSHIRE MOORLANDS","1627","225000","33.62015980331899","35.21819299323909","20.405654578979718","2.765826674861709","7.867240319606638"
"WINCHESTER","2129","450000","32.50352278064819","21.79426961014561","24.189760450915923","15.688116486613433","15.73508689525599"
"WOLVERHAMPTON","2844","200000","16.10407876230661","42.862165963431785","24.68354430379747","10.724331926863572","3.4458509142053444"
"THE VALE OF GLAMORGAN","2004","272500","22.904191616766468","27.045908183632733","32.53493013972056","11.976047904191617","5.289421157684631"
"WIRRAL","5201","200000","16.612189963468563","38.06960199961546","27.340895981542012","12.959046337242837","2.7686983272447607"
"SHROPSHIRE","5380","270000","37.9182156133829","27.9182156133829","19.219330855018587","7.026022304832714","11.003717472118959"
"RHONDDA CYNON TAFF","3828","140000","13.244514106583072","21.577847439916404","57.47126436781609","1.8025078369905956","5.982236154649947"
"EAST LINDSEY","2655","210000","47.87193973634652","26.365348399246706","13.709981167608285","3.389830508474576","13.67231638418079"
"NEWARK AND SHERWOOD","2412","230000","39.34494195688225","31.34328358208955","18.407960199004975","5.348258706467662","16.749585406301826"
"TENDRING","3150","272000","43.26984126984127","27.142857142857142","13.174603174603174","11.746031746031745","15.015873015873016"
"MEDWAY","4256","295000","14.215225563909774","25.916353383458645","43.162593984962406","13.322368421052632","8.787593984962406"
"NEWCASTLE-UNDER-LYME","2115","181000","24.680851063829788","39.621749408983455","25.437352245862883","5.24822695035461","8.463356973995271"
"EAST CAMBRIDGESHIRE","1449","345000","41.40786749482402","27.88129744651484","20.28985507246377","5.106970324361629","17.66735679779158"
"BRIGHTON AND HOVE","4412","400000","9.904805077062557","15.231187669990934","24.365367180417046","45.19492293744334","3.1051677243880325"
"NORTH EAST LINCOLNSHIRE","3069","147000","21.21212121212121","32.681655262300424","37.82991202346041","3.5842293906810037","11.567285760834148"
"COVENTRY","4651","215000","10.685874005590195","25.435390238658353","47.49516233068157","12.878950763276714","8.1702859600086"
"STOCKTON-ON-TEES","3582","165000","30.681183696259072","35.73422668900056","25.907314349525404","3.936348408710218","13.2607481853713"
"FAREHAM","1929","345600","31.57076205287714","31.00051840331778","19.49196474857439","13.063763608087092","7.465007776049767"
"MELTON","1082","270000","41.31238447319778","33.918669131238445","18.02218114602588","1.756007393715342","25.78558225508318"
"NORTH YORKSHIRE","12166","262258","30.461943120170968","28.39881637349992","23.49169817524248","10.644418872266973","12.469176393227027"
"SOUTH GLOUCESTERSHIRE","4897","340000","24.402695527874208","29.528282622013478","26.32223810496222","14.94792730243006","13.355115376761283"
"FYLDE","1699","239995","31.489111241907004","27.72218952324897","15.361977633902296","19.18775750441436","11.300765155974103"
"STAFFORD","2401","245000","35.44356518117451","30.195751770095793","19.70012494793836","9.037900874635568","14.660558100791336"
"HALTON","1950","167000","22.205128205128204","29.794871794871796","32.41025641025641","10.923076923076923","7.384615384615385"
"BROMSGROVE","1556","330000","32.326478149100254","34.51156812339332","18.123393316195372","8.997429305912597","5.334190231362468"
"WOKING","1563","445000","24.888035828534868","20.92130518234165","20.34548944337812","28.150991682661548","3.071017274472169"
"WEALDEN","2959","380000","38.15478202095302","31.19297059817506","15.241635687732343","8.786752281176073","10.544102737411288"
"RUSHCLIFFE","2334","340000","46.65809768637532","29.091688089117394","13.153384747215082","7.283633247643531","20.394173093401886"
"WARRINGTON","3206","235000","22.208359326263256","36.52526512788521","25.45227698066126","10.074859638178415","5.676855895196507"
"POWYS","1991","245000","41.78804620793571","20.743345052737318","21.295831240582622","2.5113008538422905","5.424409844299347"
"NEATH PORT TALBOT","2141","150000","19.430172816440916","35.7309668379262","35.310602522185896","3.362914525922466","2.6156001868285848"
"MILTON KEYNES","4640","335000","29.439655172413794","24.33189655172414","23.79310344827586","18.55603448275862","21.163793103448278"
"OXFORD","1626","445000","8.794587945879458","27.121771217712176","30.13530135301353","29.15129151291513","5.350553505535055"
"SOUTH OXFORDSHIRE","2624","435000","31.402439024390244","29.801829268292682","19.664634146341463","13.338414634146341","14.0625"
"LAMBETH","4316","535000","1.0426320667284523","5.143651529193698","19.045412418906395","70.34291010194625","5.398517145505097"
"RUTLAND","731","350000","46.37482900136799","20.79343365253078","20.930232558139537","4.7879616963064295","9.165526675786595"
"BLABY","1611","270000","31.9056486654252","45.189323401613905","16.635630043451272","3.4761018001241464","8.13159528243327"
"COUNTY DURHAM","10428","117500","20.07096279248178","26.94668200997315","45.761411584196395","2.7905638665132337","7.978519370924435"
"CONWY","2080","210000","34.375","28.990384615384617","15.817307692307692","14.375","1.5384615384615385"
"BEDFORD","2822","330000","28.70304748405386","31.467044649184974","22.749822820694543","12.331679659815734","13.359319631467045"
"WILTSHIRE","8490","310000","31.48409893992933","26.489988221436985","24.80565371024735","10.965842167255595","9.187279151943462"
"SOUTH HOLLAND","1823","230000","52.11190345584202","28.52441031267142","11.24520021941854","1.7553483269336259","18.04717498628634"
"TEIGNBRIDGE","2410","295000","32.863070539419084","20.95435684647303","25.560165975103736","13.526970954356846","9.04564315352697"
"GWYNEDD","1943","185000","28.152341739577974","16.46937725167267","36.33556356150283","5.249613998970664","0.6690684508492023"
"WEST SUFFOLK","2931","285000","33.43568747867622","24.121460252473558","27.49914704878881","8.734220402592971","9.34834527465029"
"EAST STAFFORDSHIRE","2277","223250","31.927975406236275","30.69828722002635","26.96530522617479","4.655248133509003","14.668423364075538"
"LEEDS","12700","230000","15.921259842519685","35.74015748031496","29.228346456692915","14.952755905511811","10.409448818897637"
"BOLTON","4317","183000","18.13759555246699","31.225388000926568","36.27519110493398","7.945332406763956","7.366226546212648"
"EAST RIDING OF YORKSHIRE","7256","218414","33.71003307607497","35.005512679162074","21.168687982359426","5.443770672546858","18.426130099228224"
"LINCOLN","1513","175000","17.911434236615996","27.09847984137475","39.72240581625909","10.641110376734964","3.8334434897554526"
"CHELTENHAM","2275","320000","14.637362637362637","26.54945054945055","26.63736263736264","27.296703296703296","2.7252747252747254"
"BRENT","2593","525000","3.1237948322406477","16.274585422290784","22.136521403779405","51.25337446972618","5.322020825298882"
"WEST DEVON","1049","290000","36.224976167778834","20.686367969494757","21.353670162059103","9.818875119161106","12.678741658722593"
"CHESHIRE WEST AND CHESTER","6065","250000","29.332234130255564","33.43775762572135","22.192910140148392","9.282769991755977","8.936521022258862"
"HIGH PEAK","1680","255000","23.80952380952381","27.797619047619047","31.25","10","8.095238095238095"
"EXETER","1984","300000","16.431451612903224","21.52217741935484","35.98790322580645","20.06048387096774","10.63508064516129"
"BRIDGEND","2221","205000","24.40342188203512","36.515083295812694","30.571814497973886","4.187303016659163","3.5569563259792885"
"REDDITCH","1271","240000","25.491738788355626","27.61605035405193","31.23524783634933","10.93627065302911","3.147128245476003"
"TORFAEN","1231","190000","22.826969943135662","23.88302193338749","42.1608448415922","4.8740861088545895","6.823720552396425"
"CENTRAL BEDFORDSHIRE","5340","365000","30.149812734082396","29.8876404494382","24.794007490636705","10.936329588014981","15.955056179775282"
"FOREST OF DEAN","1344","275000","41.294642857142854","28.86904761904762","18.229166666666668","3.794642857142857","11.160714285714286"
"DARTFORD","1878","346500","10.489882854100106","23.269435569755057","31.096911608093716","31.842385516506923","17.252396166134186"
"RUSHMOOR","1540","339250","15.12987012987013","24.675324675324674","26.2987012987013","30.844155844155843","14.74025974025974"
"SUNDERLAND","4587","130000","15.369522563767168","31.02245476346196","38.434706780030524","8.785698713756268","8.69849574885546"
"SUTTON","2705","445000","8.465804066543438","22.43992606284658","29.42698706099815","35.74861367837338","0.7393715341959335"
"NORTH NORFOLK","1989","300000","42.936148818501756","19.90950226244344","18.149824032176973","9.502262443438914","1.6591251885369533"
"FLINTSHIRE","2250","200000","34.84444444444444","37.6","18.133333333333333","3.911111111111111","3.911111111111111"
"CITY OF KINGSTON UPON HULL","4061","128000","7.978330460477715","23.811868997783797","55.77443979315439","7.313469588771238","10.490027086924403"
"STRATFORD-ON-AVON","2863","360000","36.639888229130285","26.720223541739433","18.581907090464547","10.164163464896962","18.162766329025498"
"WINDSOR AND MAIDENHEAD","2432","520000","22.98519736842105","21.34046052631579","20.929276315789473","26.151315789473685","9.662828947368421"
"FENLAND","1898","226500","43.41412012644889","30.347734457323497","16.332982086406744","3.3719704952581666","13.698630136986301"
"CUMBERLAND","5315","165000","25.02351834430856","30.423330197554094","33.41486359360301","4.816556914393226","11.420507996237065"
"WIGAN","5624","175000","17.923186344238974","37.16216216216216","33.73044096728307","5.138691322901849","8.285917496443812"
"CARMARTHENSHIRE","2688","182500","32.47767857142857","30.357142857142858","25.40922619047619","0.7440476190476191","4.464285714285714"
"SEVENOAKS","1748","460000","27.68878718535469","23.169336384439358","25.97254004576659","14.931350114416476","1.4874141876430207"
"HACKNEY","3004","580000","0.2996005326231691","1.7643142476697737","15.279627163781624","76.2982689747004","12.84953395472703"
"GOSPORT","1287","245000","11.11111111111111","23.543123543123542","36.82983682983683","24.553224553224553","2.5641025641025643"
"BLAENAU GWENT","883","125000","10.079275198187995","19.365798414496037","62.62740656851642","1.4722536806342015","4.64326160815402"
"CANNOCK CHASE","1486","216000","28.869448183041722","42.462987886944816","16.55450874831763","7.537012113055182","4.508748317631225"
"THREE RIVERS","1293","525000","23.820572312451663","28.53828306264501","18.948182521268368","24.593967517401392","9.358081979891725"
"DUDLEY","4371","220000","19.81239990848776","40.745824754060855","25.371768474033402","8.853809196980096","5.856783344772364"
"GREENWICH","3631","450000","1.6799779675020656","9.639217846323326","29.606169099421646","54.88846047920683","16.02864224731479"
"YORK","3403","300000","18.307375844842785","28.85689097854834","27.769615045548047","20.452541874816337","11.724948574786954"
"OADBY AND WIGSTON","868","270000","29.377880184331797","45.73732718894009","16.93548387096774","4.2626728110599075","17.28110599078341"
"EASTLEIGH","2308","338278","30.89254766031196","26.126516464471404","23.050259965337954","16.074523396880416","9.66204506065858"
"SOUTH CAMBRIDGESHIRE","2701","426500","40.170307293594966","26.249537208441318","19.51129211403184","8.84857460199926","20.54794520547945"
"ISLINGTON","2854","665000","0.350385423966363","1.5066573230553608","14.891380518570427","74.66713384723195","12.298528381219342"
"BROXBOURNE","1473","420000","15.410726408689749","24.711473183978274","31.02511880515954","23.964697895451458","10.658520027155465"
"TUNBRIDGE WELLS","2055","417000","22.335766423357665","24.574209245742093","19.75669099756691","24.42822384428224","9.878345498783455"
"SOUTHAMPTON","3216","250000","12.904228855721392","24.84452736318408","24.378109452736318","32.46268656716418","2.5808457711442787"
